bid_tab_item_id,project_id,source_id,source_file,sheet_name,workbook_row,project_number,source_item_number,source_item_code,source_item_code_system,source_spec_raw,source_item_description,item_code,item_description,unit_raw,unit_normalized,quantity,engineer_estimate_unit_price,average_bid_unit_price,matched_agency_item_code,match_status,date_basis,engineer_estimate_quantity,audit_estimate_unit_price,audit_estimate_extended_price
fhu_pikes_peak_sidewalks_20230403_row_0009,fhu_bid_tab_pikes_peak_sidewalks_2023_04_03,fhu_bid_tab_pikes_peak_sidewalks_2023_04_03,Cost Estimate Data Tracking-MASTER.xlsx,Pikes Peak SW,9,FHU-PIKES-PEAK-SW,1,201,CDOT,201,CLEARING AND GRUBBING,201-00000,CLEARING AND GRUBBING,Lump-Sum,L S,1,,20400.00,201-00000,matched,2023-04-03,,,
fhu_pikes_peak_sidewalks_20230403_row_0010,fhu_bid_tab_pikes_peak_sidewalks_2023_04_03,fhu_bid_tab_pikes_peak_sidewalks_2023_04_03,Cost Estimate Data Tracking-MASTER.xlsx,Pikes Peak SW,10,FHU-PIKES-PEAK-SW,2,202,CDOT,202,REMOVAL OF TREE,202-00010,REMOVAL OF TREE,Each,EACH,3,,1050.00,202-00010,matched,2023-04-03,,,
fhu_pikes_peak_sidewalks_20230403_row_0011,fhu_bid_tab_pikes_peak_sidewalks_2023_04_03,fhu_bid_tab_pikes_peak_sidewalks_2023_04_03,Cost Estimate Data Tracking-MASTER.xlsx,Pikes Peak SW,11,FHU-PIKES-PEAK-SW,3,202,CDOT,202,REMOVAL OF SIDEWALK,202-00200,REMOVAL OF SIDEWALK,Square Yard,SY,796,,26.15,202-00200,matched,2023-04-03,,,
fhu_pikes_peak_sidewalks_20230403_row_0012,fhu_bid_tab_pikes_peak_sidewalks_2023_04_03,fhu_bid_tab_pikes_peak_sidewalks_2023_04_03,Cost Estimate Data Tracking-MASTER.xlsx,Pikes Peak SW,12,FHU-PIKES-PEAK-SW,4,202,CDOT,202,REMOVAL OF CURB,202,REMOVAL OF CURB,Linear Foot/Feet,LINEAR FOOT/FEET,12,,23.85,,source_cdot_prefix_only,2023-04-03,,,
fhu_pikes_peak_sidewalks_20230403_row_0013,fhu_bid_tab_pikes_peak_sidewalks_2023_04_03,fhu_bid_tab_pikes_peak_sidewalks_2023_04_03,Cost Estimate Data Tracking-MASTER.xlsx,Pikes Peak SW,13,FHU-PIKES-PEAK-SW,5,202,CDOT,202,REMOVAL OF CURB AND GUTTER,202,REMOVAL OF CURB AND GUTTER,Linear Foot/Feet,LINEAR FOOT/FEET,1733,,17.30,,source_cdot_prefix_only,2023-04-03,,,
fhu_pikes_peak_sidewalks_20230403_row_0014,fhu_bid_tab_pikes_peak_sidewalks_2023_04_03,fhu_bid_tab_pikes_peak_sidewalks_2023_04_03,Cost Estimate Data Tracking-MASTER.xlsx,Pikes Peak SW,14,FHU-PIKES-PEAK-SW,6,202,CDOT,202,REMOVAL OF CONCRETE CURB RAMP,202-00206,REMOVAL OF CONCRETE CURB RAMP,Square Yard,SY,41,,27.63,202-00206,matched,2023-04-03,,,
fhu_pikes_peak_sidewalks_20230403_row_0015,fhu_bid_tab_pikes_peak_sidewalks_2023_04_03,fhu_bid_tab_pikes_peak_sidewalks_2023_04_03,Cost Estimate Data Tracking-MASTER.xlsx,Pikes Peak SW,15,FHU-PIKES-PEAK-SW,7,202,CDOT,202,REMOVAL OF POLYMER CEMENT SURFACING & CONCRETE BASE,202,REMOVAL OF POLYMER CEMENT SURFACING & CONCRETE BASE,Square Foot/Feet,SQUARE FOOT/FEET,96,,8.43,,source_cdot_prefix_only,2023-04-03,,,
fhu_pikes_peak_sidewalks_20230403_row_0016,fhu_bid_tab_pikes_peak_sidewalks_2023_04_03,fhu_bid_tab_pikes_peak_sidewalks_2023_04_03,Cost Estimate Data Tracking-MASTER.xlsx,Pikes Peak SW,16,FHU-PIKES-PEAK-SW,8,202,CDOT,202,REMOVAL OF POLYMER CEMENT SURFACING,202,REMOVAL OF POLYMER CEMENT SURFACING,Square Foot/Feet,SQUARE FOOT/FEET,170,,11.03,,source_cdot_prefix_only,2023-04-03,,,
fhu_pikes_peak_sidewalks_20230403_row_0017,fhu_bid_tab_pikes_peak_sidewalks_2023_04_03,fhu_bid_tab_pikes_peak_sidewalks_2023_04_03,Cost Estimate Data Tracking-MASTER.xlsx,Pikes Peak SW,17,FHU-PIKES-PEAK-SW,9,202,CDOT,202,REMOVAL OF CONCRETE PAVEMENT,202-00210,REMOVAL OF CONCRETE PAVEMENT,Square Yard,SY,1199,,30.70,202-00210,matched,2023-04-03,,,
fhu_pikes_peak_sidewalks_20230403_row_0018,fhu_bid_tab_pikes_peak_sidewalks_2023_04_03,fhu_bid_tab_pikes_peak_sidewalks_2023_04_03,Cost Estimate Data Tracking-MASTER.xlsx,Pikes Peak SW,18,FHU-PIKES-PEAK-SW,10,202,CDOT,202,REMOVAL OF MAILBOX STRUCTURE CONCRETE BASE,202,REMOVAL OF MAILBOX STRUCTURE CONCRETE BASE,Square Yard,SY,3,,305.00,,source_cdot_prefix_only,2023-04-03,,,
fhu_pikes_peak_sidewalks_20230403_row_0019,fhu_bid_tab_pikes_peak_sidewalks_2023_04_03,fhu_bid_tab_pikes_peak_sidewalks_2023_04_03,Cost Estimate Data Tracking-MASTER.xlsx,Pikes Peak SW,19,FHU-PIKES-PEAK-SW,11,202,CDOT,202,REMOVAL OF ASPHALT MAT,202-00220,REMOVAL OF ASPHALT MAT,Square Yard,SY,111,,25.25,202-00220,matched,2023-04-03,,,
fhu_pikes_peak_sidewalks_20230403_row_0020,fhu_bid_tab_pikes_peak_sidewalks_2023_04_03,fhu_bid_tab_pikes_peak_sidewalks_2023_04_03,Cost Estimate Data Tracking-MASTER.xlsx,Pikes Peak SW,20,FHU-PIKES-PEAK-SW,12,203,CDOT,203,EMBANKMENT MATERIAL (CIP),203,EMBANKMENT MATERIAL (CIP),Cubic Yard,CY,231,,70.50,,source_cdot_prefix_only,2023-04-03,,,
fhu_pikes_peak_sidewalks_20230403_row_0021,fhu_bid_tab_pikes_peak_sidewalks_2023_04_03,fhu_bid_tab_pikes_peak_sidewalks_2023_04_03,Cost Estimate Data Tracking-MASTER.xlsx,Pikes Peak SW,21,FHU-PIKES-PEAK-SW,13,206,CDOT,206,STRUCTURE BACKFILL (FLOW-FILL),206-00065,STRUCTURE BACKFILL (FLOW-FILL),Cubic Yard,CY,75,,242.50,206-00065,matched,2023-04-03,,,
fhu_pikes_peak_sidewalks_20230403_row_0022,fhu_bid_tab_pikes_peak_sidewalks_2023_04_03,fhu_bid_tab_pikes_peak_sidewalks_2023_04_03,Cost Estimate Data Tracking-MASTER.xlsx,Pikes Peak SW,22,FHU-PIKES-PEAK-SW,14,208,CDOT,208,POTHOLING,208,POTHOLING,Hour,HOUR,100,,312.13,,source_cdot_prefix_only,2023-04-03,,,
fhu_pikes_peak_sidewalks_20230403_row_0023,fhu_bid_tab_pikes_peak_sidewalks_2023_04_03,fhu_bid_tab_pikes_peak_sidewalks_2023_04_03,Cost Estimate Data Tracking-MASTER.xlsx,Pikes Peak SW,23,FHU-PIKES-PEAK-SW,15,208,CDOT,208,CONCRETE WASHOUT AREA (PORTABLE),208,CONCRETE WASHOUT AREA (PORTABLE),Each,EACH,2,,3716.50,,source_cdot_prefix_only,2023-04-03,,,
fhu_pikes_peak_sidewalks_20230403_row_0024,fhu_bid_tab_pikes_peak_sidewalks_2023_04_03,fhu_bid_tab_pikes_peak_sidewalks_2023_04_03,Cost Estimate Data Tracking-MASTER.xlsx,Pikes Peak SW,24,FHU-PIKES-PEAK-SW,16,208,CDOT,208,VEHICLE TRACKING CONTROL (PORTABLE),208,VEHICLE TRACKING CONTROL (PORTABLE),Each,EACH,4,,5417.50,,source_cdot_prefix_only,2023-04-03,,,
fhu_pikes_peak_sidewalks_20230403_row_0025,fhu_bid_tab_pikes_peak_sidewalks_2023_04_03,fhu_bid_tab_pikes_peak_sidewalks_2023_04_03,Cost Estimate Data Tracking-MASTER.xlsx,Pikes Peak SW,25,FHU-PIKES-PEAK-SW,17,208,CDOT,208,STABILIZED STAGING AREA,208,STABILIZED STAGING AREA,Each,EACH,1,,5600.00,,source_cdot_prefix_only,2023-04-03,,,
fhu_pikes_peak_sidewalks_20230403_row_0026,fhu_bid_tab_pikes_peak_sidewalks_2023_04_03,fhu_bid_tab_pikes_peak_sidewalks_2023_04_03,Cost Estimate Data Tracking-MASTER.xlsx,Pikes Peak SW,26,FHU-PIKES-PEAK-SW,18,208,CDOT,208,INLET PROTECTION CURB ON GRADE,208,INLET PROTECTION CURB ON GRADE,Each,EACH,43,,241.00,,source_cdot_prefix_only,2023-04-03,,,
fhu_pikes_peak_sidewalks_20230403_row_0027,fhu_bid_tab_pikes_peak_sidewalks_2023_04_03,fhu_bid_tab_pikes_peak_sidewalks_2023_04_03,Cost Estimate Data Tracking-MASTER.xlsx,Pikes Peak SW,27,FHU-PIKES-PEAK-SW,19,208,CDOT,208,PORTABLE TOILET PROTECTION,208,PORTABLE TOILET PROTECTION,Each,EACH,1,,274.50,,source_cdot_prefix_only,2023-04-03,,,
fhu_pikes_peak_sidewalks_20230403_row_0028,fhu_bid_tab_pikes_peak_sidewalks_2023_04_03,fhu_bid_tab_pikes_peak_sidewalks_2023_04_03,Cost Estimate Data Tracking-MASTER.xlsx,Pikes Peak SW,28,FHU-PIKES-PEAK-SW,20,210,CDOT,210,RESET GANG MAILBOX STRUCTURE,210,RESET GANG MAILBOX STRUCTURE,Each,EACH,1,,1165.00,,source_cdot_prefix_only,2023-04-03,,,
fhu_pikes_peak_sidewalks_20230403_row_0029,fhu_bid_tab_pikes_peak_sidewalks_2023_04_03,fhu_bid_tab_pikes_peak_sidewalks_2023_04_03,Cost Estimate Data Tracking-MASTER.xlsx,Pikes Peak SW,29,FHU-PIKES-PEAK-SW,21,210,CDOT,210,RESET GROUND SIGN,210-00810,RESET GROUND SIGN,Each,EACH,27,,491.00,210-00810,matched,2023-04-03,,,
fhu_pikes_peak_sidewalks_20230403_row_0030,fhu_bid_tab_pikes_peak_sidewalks_2023_04_03,fhu_bid_tab_pikes_peak_sidewalks_2023_04_03,Cost Estimate Data Tracking-MASTER.xlsx,Pikes Peak SW,30,FHU-PIKES-PEAK-SW,22,210,CDOT,210,RESET GROUND SIGN (SPECIAL),210,RESET GROUND SIGN (SPECIAL),Each,EACH,4,,1784.00,,source_cdot_prefix_only,2023-04-03,,,
fhu_pikes_peak_sidewalks_20230403_row_0031,fhu_bid_tab_pikes_peak_sidewalks_2023_04_03,fhu_bid_tab_pikes_peak_sidewalks_2023_04_03,Cost Estimate Data Tracking-MASTER.xlsx,Pikes Peak SW,31,FHU-PIKES-PEAK-SW,23,210,CDOT,210,ADJUST PULL BOX,210,ADJUST PULL BOX,Each,EACH,1,,407.50,,source_cdot_prefix_only,2023-04-03,,,
fhu_pikes_peak_sidewalks_20230403_row_0032,fhu_bid_tab_pikes_peak_sidewalks_2023_04_03,fhu_bid_tab_pikes_peak_sidewalks_2023_04_03,Cost Estimate Data Tracking-MASTER.xlsx,Pikes Peak SW,32,FHU-PIKES-PEAK-SW,24,210,CDOT,210,ADJUST MANHOLE,210-04010,ADJUST MANHOLE,Each,EACH,3,,784.00,210-04010,matched,2023-04-03,,,
fhu_pikes_peak_sidewalks_20230403_row_0033,fhu_bid_tab_pikes_peak_sidewalks_2023_04_03,fhu_bid_tab_pikes_peak_sidewalks_2023_04_03,Cost Estimate Data Tracking-MASTER.xlsx,Pikes Peak SW,33,FHU-PIKES-PEAK-SW,25,210,CDOT,210,ADJUST VALVE BOX,210-04050,ADJUST VALVE BOX,Each,EACH,11,,341.50,210-04050,matched,2023-04-03,,,
fhu_pikes_peak_sidewalks_20230403_row_0034,fhu_bid_tab_pikes_peak_sidewalks_2023_04_03,fhu_bid_tab_pikes_peak_sidewalks_2023_04_03,Cost Estimate Data Tracking-MASTER.xlsx,Pikes Peak SW,34,FHU-PIKES-PEAK-SW,26,210,CDOT,210,MODIFY INLET,210-04020,MODIFY INLET,Each,EACH,1,,3772.50,210-04020,matched,2023-04-03,,,
fhu_pikes_peak_sidewalks_20230403_row_0035,fhu_bid_tab_pikes_peak_sidewalks_2023_04_03,fhu_bid_tab_pikes_peak_sidewalks_2023_04_03,Cost Estimate Data Tracking-MASTER.xlsx,Pikes Peak SW,35,FHU-PIKES-PEAK-SW,27,304,CDOT,304,AGGREGATE BASE COURSE (CLASS 6),304-06007,AGGREGATE BASE COURSE (CLASS 6),Cubic Yard,CY,366,,122.00,304-06007,matched,2023-04-03,,,
fhu_pikes_peak_sidewalks_20230403_row_0036,fhu_bid_tab_pikes_peak_sidewalks_2023_04_03,fhu_bid_tab_pikes_peak_sidewalks_2023_04_03,Cost Estimate Data Tracking-MASTER.xlsx,Pikes Peak SW,36,FHU-PIKES-PEAK-SW,28,403,CDOT,403,HOT MIX ASPHALT (PATCHING) (ASPHALT),403-00720,HOT MIX ASPHALT (PATCHING) (ASPHALT),Ton,TON,98,,286.70,403-00720,matched,2023-04-03,,,
fhu_pikes_peak_sidewalks_20230403_row_0037,fhu_bid_tab_pikes_peak_sidewalks_2023_04_03,fhu_bid_tab_pikes_peak_sidewalks_2023_04_03,Cost Estimate Data Tracking-MASTER.xlsx,Pikes Peak SW,37,FHU-PIKES-PEAK-SW,29,412,CDOT,412,CONCRETE PAVEMENT (8 INCH) (DOWELED),412,CONCRETE PAVEMENT (8 INCH) (DOWELED),Square Yard,SY,523,,128.30,,source_cdot_prefix_only,2023-04-03,,,
fhu_pikes_peak_sidewalks_20230403_row_0038,fhu_bid_tab_pikes_peak_sidewalks_2023_04_03,fhu_bid_tab_pikes_peak_sidewalks_2023_04_03,Cost Estimate Data Tracking-MASTER.xlsx,Pikes Peak SW,38,FHU-PIKES-PEAK-SW,30,412,CDOT,412,CONCRETE PAVEMENT (8 INCH) (DOWELED) (SPECIAL),412,CONCRETE PAVEMENT (8 INCH) (DOWELED) (SPECIAL),Square Yard,SY,58,,131.85,,source_cdot_prefix_only,2023-04-03,,,
fhu_pikes_peak_sidewalks_20230403_row_0039,fhu_bid_tab_pikes_peak_sidewalks_2023_04_03,fhu_bid_tab_pikes_peak_sidewalks_2023_04_03,Cost Estimate Data Tracking-MASTER.xlsx,Pikes Peak SW,39,FHU-PIKES-PEAK-SW,31,412,CDOT,412,CONCRETE PAVEMENT (10 INCH) (DOWELED),412,CONCRETE PAVEMENT (10 INCH) (DOWELED),Square Yard,SY,238,,159.25,,source_cdot_prefix_only,2023-04-03,,,
fhu_pikes_peak_sidewalks_20230403_row_0040,fhu_bid_tab_pikes_peak_sidewalks_2023_04_03,fhu_bid_tab_pikes_peak_sidewalks_2023_04_03,Cost Estimate Data Tracking-MASTER.xlsx,Pikes Peak SW,40,FHU-PIKES-PEAK-SW,32,412,CDOT,412,CONCRETE PAVEMENT (10 INCH) (DOWELED) (SPECIAL),412,CONCRETE PAVEMENT (10 INCH) (DOWELED) (SPECIAL),Square Yard,SY,238,,163.85,,source_cdot_prefix_only,2023-04-03,,,
fhu_pikes_peak_sidewalks_20230403_row_0041,fhu_bid_tab_pikes_peak_sidewalks_2023_04_03,fhu_bid_tab_pikes_peak_sidewalks_2023_04_03,Cost Estimate Data Tracking-MASTER.xlsx,Pikes Peak SW,41,FHU-PIKES-PEAK-SW,33,601,CDOT,601,CONCRETE CLASS B (MISCELLANEOUS),601-01025,CONCRETE CLASS B (MISCELLANEOUS),Cubic Yard,CY,0.6,,4175.00,601-01025,matched,2023-04-03,,,
fhu_pikes_peak_sidewalks_20230403_row_0042,fhu_bid_tab_pikes_peak_sidewalks_2023_04_03,fhu_bid_tab_pikes_peak_sidewalks_2023_04_03,Cost Estimate Data Tracking-MASTER.xlsx,Pikes Peak SW,42,FHU-PIKES-PEAK-SW,34,603,CDOT,603,15 INCH PLASTIC PIPE SEWER (POLYVINYL CHLORIDE),603,15 INCH PLASTIC PIPE SEWER (POLYVINYL CHLORIDE),Linear Foot/Feet,LINEAR FOOT/FEET,717,,132.50,,source_cdot_prefix_only,2023-04-03,,,
fhu_pikes_peak_sidewalks_20230403_row_0043,fhu_bid_tab_pikes_peak_sidewalks_2023_04_03,fhu_bid_tab_pikes_peak_sidewalks_2023_04_03,Cost Estimate Data Tracking-MASTER.xlsx,Pikes Peak SW,43,FHU-PIKES-PEAK-SW,35,604,CDOT,604,INLET TYPE 16 (5 FOOT),604-16005,INLET TYPE 16 (5 FOOT),Each,EACH,1,,8530.00,604-16005,matched,2023-04-03,,,
fhu_pikes_peak_sidewalks_20230403_row_0044,fhu_bid_tab_pikes_peak_sidewalks_2023_04_03,fhu_bid_tab_pikes_peak_sidewalks_2023_04_03,Cost Estimate Data Tracking-MASTER.xlsx,Pikes Peak SW,44,FHU-PIKES-PEAK-SW,36,604,CDOT,604,INLET TYPE R L 5 (5 FOOT),604-19105,INLET TYPE R L 5 (5 FOOT),Each,EACH,7,,9737.50,604-19105,matched,2023-04-03,,,
fhu_pikes_peak_sidewalks_20230403_row_0045,fhu_bid_tab_pikes_peak_sidewalks_2023_04_03,fhu_bid_tab_pikes_peak_sidewalks_2023_04_03,Cost Estimate Data Tracking-MASTER.xlsx,Pikes Peak SW,45,FHU-PIKES-PEAK-SW,37,604,CDOT,604,MANHOLE SLAB BASE (5 FOOT),604-30005,MANHOLE SLAB BASE (5 FOOT),Each,EACH,3,,10450.00,604-30005,matched,2023-04-03,,,
fhu_pikes_peak_sidewalks_20230403_row_0046,fhu_bid_tab_pikes_peak_sidewalks_2023_04_03,fhu_bid_tab_pikes_peak_sidewalks_2023_04_03,Cost Estimate Data Tracking-MASTER.xlsx,Pikes Peak SW,46,FHU-PIKES-PEAK-SW,38,604,CDOT,604,INLET (SPECIAL),604-19000,INLET (SPECIAL),Each,EACH,1,,40810.00,604-19000,matched,2023-04-03,,,
fhu_pikes_peak_sidewalks_20230403_row_0047,fhu_bid_tab_pikes_peak_sidewalks_2023_04_03,fhu_bid_tab_pikes_peak_sidewalks_2023_04_03,Cost Estimate Data Tracking-MASTER.xlsx,Pikes Peak SW,47,FHU-PIKES-PEAK-SW,39,607,CDOT,607,CONSTRUCTION FENCE,607,CONSTRUCTION FENCE,Linear Foot/Feet,LINEAR FOOT/FEET,2230,,2.20,,source_cdot_prefix_only,2023-04-03,,,
fhu_pikes_peak_sidewalks_20230403_row_0048,fhu_bid_tab_pikes_peak_sidewalks_2023_04_03,fhu_bid_tab_pikes_peak_sidewalks_2023_04_03,Cost Estimate Data Tracking-MASTER.xlsx,Pikes Peak SW,48,FHU-PIKES-PEAK-SW,40,608,CDOT,608,CONCRETE SIDEWALK (6 INCH) (SPECIAL),608,CONCRETE SIDEWALK (6 INCH) (SPECIAL),Square Yard,SY,22,,101.18,,source_cdot_prefix_only,2023-04-03,,,
fhu_pikes_peak_sidewalks_20230403_row_0049,fhu_bid_tab_pikes_peak_sidewalks_2023_04_03,fhu_bid_tab_pikes_peak_sidewalks_2023_04_03,Cost Estimate Data Tracking-MASTER.xlsx,Pikes Peak SW,49,FHU-PIKES-PEAK-SW,41,608,CDOT,608,CONCRETE SIDEWALK (6 INCH),608-00006,CONCRETE SIDEWALK (6 INCH),Square Yard,SY,199,,88.18,608-00006,matched,2023-04-03,,,
fhu_pikes_peak_sidewalks_20230403_row_0050,fhu_bid_tab_pikes_peak_sidewalks_2023_04_03,fhu_bid_tab_pikes_peak_sidewalks_2023_04_03,Cost Estimate Data Tracking-MASTER.xlsx,Pikes Peak SW,50,FHU-PIKES-PEAK-SW,42,608,CDOT,608,CONCRETE SIDEWALK (COLORED) (SPECIAL),608,CONCRETE SIDEWALK (COLORED) (SPECIAL),Square Yard,SY,91,,113.00,,source_cdot_prefix_only,2023-04-03,,,
fhu_pikes_peak_sidewalks_20230403_row_0051,fhu_bid_tab_pikes_peak_sidewalks_2023_04_03,fhu_bid_tab_pikes_peak_sidewalks_2023_04_03,Cost Estimate Data Tracking-MASTER.xlsx,Pikes Peak SW,51,FHU-PIKES-PEAK-SW,43,608,CDOT,608,CONCRETE SIDEWALK (COLORED),608-00350,CONCRETE SIDEWALK (COLORED),Square Yard,SY,824,,105.88,608-00350,matched,2023-04-03,,,
fhu_pikes_peak_sidewalks_20230403_row_0052,fhu_bid_tab_pikes_peak_sidewalks_2023_04_03,fhu_bid_tab_pikes_peak_sidewalks_2023_04_03,Cost Estimate Data Tracking-MASTER.xlsx,Pikes Peak SW,52,FHU-PIKES-PEAK-SW,44,608,CDOT,608,CONCRETE CURB RAMP,608-00010,CONCRETE CURB RAMP,Square Yard,SY,177,,211.88,608-00010,matched,2023-04-03,,,
fhu_pikes_peak_sidewalks_20230403_row_0053,fhu_bid_tab_pikes_peak_sidewalks_2023_04_03,fhu_bid_tab_pikes_peak_sidewalks_2023_04_03,Cost Estimate Data Tracking-MASTER.xlsx,Pikes Peak SW,53,FHU-PIKES-PEAK-SW,45,608,CDOT,608,POLYMER CEMENT CONCRETE SURFACING (ENDURABLEND),608,POLYMER CEMENT CONCRETE SURFACING (ENDURABLEND),Square Foot/Feet,SQUARE FOOT/FEET,168,,54.20,,source_cdot_prefix_only,2023-04-03,,,
fhu_pikes_peak_sidewalks_20230403_row_0054,fhu_bid_tab_pikes_peak_sidewalks_2023_04_03,fhu_bid_tab_pikes_peak_sidewalks_2023_04_03,Cost Estimate Data Tracking-MASTER.xlsx,Pikes Peak SW,54,FHU-PIKES-PEAK-SW,46,609,CDOT,609,CURB AND GUTTER TYPE 2 (SECTION I-B),609,CURB AND GUTTER TYPE 2 (SECTION I-B),Linear Foot/Feet,LINEAR FOOT/FEET,7,,70.50,,source_cdot_prefix_only,2023-04-03,,,
fhu_pikes_peak_sidewalks_20230403_row_0055,fhu_bid_tab_pikes_peak_sidewalks_2023_04_03,fhu_bid_tab_pikes_peak_sidewalks_2023_04_03,Cost Estimate Data Tracking-MASTER.xlsx,Pikes Peak SW,55,FHU-PIKES-PEAK-SW,47,609,CDOT,609,CURB AND GUTTER TYPE 2 (SECTION II-B),609,CURB AND GUTTER TYPE 2 (SECTION II-B),Linear Foot/Feet,LINEAR FOOT/FEET,1370,,38.00,,source_cdot_prefix_only,2023-04-03,,,
fhu_pikes_peak_sidewalks_20230403_row_0056,fhu_bid_tab_pikes_peak_sidewalks_2023_04_03,fhu_bid_tab_pikes_peak_sidewalks_2023_04_03,Cost Estimate Data Tracking-MASTER.xlsx,Pikes Peak SW,56,FHU-PIKES-PEAK-SW,48,609,CDOT,609,GUTTER TYPE 2 (8 FOOT),609,GUTTER TYPE 2 (8 FOOT),Linear Foot/Feet,LINEAR FOOT/FEET,20,,126.50,,source_cdot_prefix_only,2023-04-03,,,
fhu_pikes_peak_sidewalks_20230403_row_0057,fhu_bid_tab_pikes_peak_sidewalks_2023_04_03,fhu_bid_tab_pikes_peak_sidewalks_2023_04_03,Cost Estimate Data Tracking-MASTER.xlsx,Pikes Peak SW,57,FHU-PIKES-PEAK-SW,49,613,CDOT,613,"2"" ELECTRICAL CONDUIT (PLASTIC)",613,"2"" ELECTRICAL CONDUIT (PLASTIC)",Linear Foot/Feet,LINEAR FOOT/FEET,1460,,39.18,,source_cdot_prefix_only,2023-04-03,,,
fhu_pikes_peak_sidewalks_20230403_row_0058,fhu_bid_tab_pikes_peak_sidewalks_2023_04_03,fhu_bid_tab_pikes_peak_sidewalks_2023_04_03,Cost Estimate Data Tracking-MASTER.xlsx,Pikes Peak SW,58,FHU-PIKES-PEAK-SW,50,613,CDOT,613,PULL BOX (TYPE 1),613,PULL BOX (TYPE 1),Each,EACH,21,,1583.75,,source_cdot_prefix_only,2023-04-03,,,
fhu_pikes_peak_sidewalks_20230403_row_0059,fhu_bid_tab_pikes_peak_sidewalks_2023_04_03,fhu_bid_tab_pikes_peak_sidewalks_2023_04_03,Cost Estimate Data Tracking-MASTER.xlsx,Pikes Peak SW,59,FHU-PIKES-PEAK-SW,51,613,CDOT,613,WIRING,613-10000,WIRING,Lump-Sum,L S,1,,38757.50,613-10000,matched,2023-04-03,,,
fhu_pikes_peak_sidewalks_20230403_row_0060,fhu_bid_tab_pikes_peak_sidewalks_2023_04_03,fhu_bid_tab_pikes_peak_sidewalks_2023_04_03,Cost Estimate Data Tracking-MASTER.xlsx,Pikes Peak SW,60,FHU-PIKES-PEAK-SW,52,613,CDOT,613,LIGHT STANDARD AND LUMINAIRE (PEDESTRIAN)(TYPE AA),613,LIGHT STANDARD AND LUMINAIRE (PEDESTRIAN)(TYPE AA),Each,EACH,12,,13159.00,,source_cdot_prefix_only,2023-04-03,,,
fhu_pikes_peak_sidewalks_20230403_row_0061,fhu_bid_tab_pikes_peak_sidewalks_2023_04_03,fhu_bid_tab_pikes_peak_sidewalks_2023_04_03,Cost Estimate Data Tracking-MASTER.xlsx,Pikes Peak SW,61,FHU-PIKES-PEAK-SW,53,613,CDOT,613,LIGHT STANDARD AND LUMINAIRE (DECORATIVE)(TYPE BB),613,LIGHT STANDARD AND LUMINAIRE (DECORATIVE)(TYPE BB),Each,EACH,4,,17015.00,,source_cdot_prefix_only,2023-04-03,,,
fhu_pikes_peak_sidewalks_20230403_row_0062,fhu_bid_tab_pikes_peak_sidewalks_2023_04_03,fhu_bid_tab_pikes_peak_sidewalks_2023_04_03,Cost Estimate Data Tracking-MASTER.xlsx,Pikes Peak SW,62,FHU-PIKES-PEAK-SW,54,613,CDOT,613,LIGHT STANDARD FOUNDATION,613-40010,LIGHT STANDARD FOUNDATION,Each,EACH,16,,3505.00,613-40010,matched,2023-04-03,,,
fhu_pikes_peak_sidewalks_20230403_row_0063,fhu_bid_tab_pikes_peak_sidewalks_2023_04_03,fhu_bid_tab_pikes_peak_sidewalks_2023_04_03,Cost Estimate Data Tracking-MASTER.xlsx,Pikes Peak SW,63,FHU-PIKES-PEAK-SW,55,613,CDOT,613,METER-POWER PEDESTAL,613-50109,METER-POWER PEDESTAL,Each,EACH,1,,12545.00,613-50109,matched,2023-04-03,,,
fhu_pikes_peak_sidewalks_20230403_row_0064,fhu_bid_tab_pikes_peak_sidewalks_2023_04_03,fhu_bid_tab_pikes_peak_sidewalks_2023_04_03,Cost Estimate Data Tracking-MASTER.xlsx,Pikes Peak SW,64,FHU-PIKES-PEAK-SW,56,614,CDOT,614,SIGN PANEL (CLASS 1),614,SIGN PANEL (CLASS 1),Square Foot/Feet,SQUARE FOOT/FEET,13,,47.80,,source_cdot_prefix_only,2023-04-03,,,
fhu_pikes_peak_sidewalks_20230403_row_0065,fhu_bid_tab_pikes_peak_sidewalks_2023_04_03,fhu_bid_tab_pikes_peak_sidewalks_2023_04_03,Cost Estimate Data Tracking-MASTER.xlsx,Pikes Peak SW,65,FHU-PIKES-PEAK-SW,57,614,CDOT,614,STEEL SIGN POST (2x2 INCH TUBING),614,STEEL SIGN POST (2x2 INCH TUBING),Linear Foot/Feet,LINEAR FOOT/FEET,20,,56.95,,source_cdot_prefix_only,2023-04-03,,,
fhu_pikes_peak_sidewalks_20230403_row_0066,fhu_bid_tab_pikes_peak_sidewalks_2023_04_03,fhu_bid_tab_pikes_peak_sidewalks_2023_04_03,Cost Estimate Data Tracking-MASTER.xlsx,Pikes Peak SW,66,FHU-PIKES-PEAK-SW,58,620,CDOT,620,SANITARY FACILITY,620-00020,SANITARY FACILITY,Each,EACH,1,,1850.00,620-00020,matched,2023-04-03,,,
fhu_pikes_peak_sidewalks_20230403_row_0067,fhu_bid_tab_pikes_peak_sidewalks_2023_04_03,fhu_bid_tab_pikes_peak_sidewalks_2023_04_03,Cost Estimate Data Tracking-MASTER.xlsx,Pikes Peak SW,67,FHU-PIKES-PEAK-SW,59,625,CDOT,625,CONSTRUCTION SURVEYING,625-00000,CONSTRUCTION SURVEYING,Lump-Sum,L S,1,,25062.50,625-00000,matched,2023-04-03,,,
fhu_pikes_peak_sidewalks_20230403_row_0068,fhu_bid_tab_pikes_peak_sidewalks_2023_04_03,fhu_bid_tab_pikes_peak_sidewalks_2023_04_03,Cost Estimate Data Tracking-MASTER.xlsx,Pikes Peak SW,68,FHU-PIKES-PEAK-SW,60,626,CDOT,626,MOBILIZATION,626-00000,MOBILIZATION,Lump-Sum,L S,1,,154500.00,626-00000,matched,2023-04-03,,,
fhu_pikes_peak_sidewalks_20230403_row_0069,fhu_bid_tab_pikes_peak_sidewalks_2023_04_03,fhu_bid_tab_pikes_peak_sidewalks_2023_04_03,Cost Estimate Data Tracking-MASTER.xlsx,Pikes Peak SW,69,FHU-PIKES-PEAK-SW,61,626,CDOT,626,PUBLIC INFORMATION SERVICES,626-01100,PUBLIC INFORMATION SERVICES,Lump-Sum,L S,1,,18500.00,626-01100,matched,2023-04-03,,,
fhu_pikes_peak_sidewalks_20230403_row_0070,fhu_bid_tab_pikes_peak_sidewalks_2023_04_03,fhu_bid_tab_pikes_peak_sidewalks_2023_04_03,Cost Estimate Data Tracking-MASTER.xlsx,Pikes Peak SW,70,FHU-PIKES-PEAK-SW,62,627,CDOT,627,MODIFIED EPOXY PAVEMENT MARKING,627,MODIFIED EPOXY PAVEMENT MARKING,Gallon,GALLON,11,,383.25,,source_cdot_prefix_only,2023-04-03,,,
fhu_pikes_peak_sidewalks_20230403_row_0071,fhu_bid_tab_pikes_peak_sidewalks_2023_04_03,fhu_bid_tab_pikes_peak_sidewalks_2023_04_03,Cost Estimate Data Tracking-MASTER.xlsx,Pikes Peak SW,71,FHU-PIKES-PEAK-SW,63,627,CDOT,627,PREFORMED THERMOPLASTIC PAVEMENT MARKING (XWALK-STOPLINE),627,PREFORMED THERMOPLASTIC PAVEMENT MARKING (XWALK-STOPLINE),Square Foot/Feet,SQUARE FOOT/FEET,379,,20.35,,source_cdot_prefix_only,2023-04-03,,,
fhu_pikes_peak_sidewalks_20230403_row_0072,fhu_bid_tab_pikes_peak_sidewalks_2023_04_03,fhu_bid_tab_pikes_peak_sidewalks_2023_04_03,Cost Estimate Data Tracking-MASTER.xlsx,Pikes Peak SW,72,FHU-PIKES-PEAK-SW,64,630,CDOT,630,FLAGGING,630-00000,FLAGGING,Hour,HOUR,320,,62.38,630-00000,matched,2023-04-03,,,
fhu_pikes_peak_sidewalks_20230403_row_0073,fhu_bid_tab_pikes_peak_sidewalks_2023_04_03,fhu_bid_tab_pikes_peak_sidewalks_2023_04_03,Cost Estimate Data Tracking-MASTER.xlsx,Pikes Peak SW,73,FHU-PIKES-PEAK-SW,65,630,CDOT,630,PORTABLE MESSAGE SIGN PANEL,630-80359,PORTABLE MESSAGE SIGN PANEL,Day,DAY,4,,312.50,630-80359,matched,2023-04-03,,,
