bid_tab_item_id,project_id,source_id,source_file,sheet_name,workbook_row,project_number,source_item_number,source_item_code,source_item_code_system,source_spec_raw,source_item_description,item_code,item_description,unit_raw,unit_normalized,quantity,engineer_estimate_unit_price,average_bid_unit_price,matched_agency_item_code,match_status,date_basis
fhu_ralston_yukon_garrison_20210205_row_0008,fhu_bid_tab_ralston_yukon_garrison_2021_02_05_18_st_40,fhu_bid_tab_ralston_yukon_garrison_2021_02_05,Ralston_Rd_CDOT_reconciliation.xlsx,Bid Book + CDOT,8,18-ST-40,1,COA 3.2,COA,COA 3.2,CLEARING AND GRUBBING,201-00000,CLEARING AND GRUBBING,LS,L S,1.00,50000.00,103247.10,201-00000,matched,2021-02-05
fhu_ralston_yukon_garrison_20210205_row_0009,fhu_bid_tab_ralston_yukon_garrison_2021_02_05_18_st_40,fhu_bid_tab_ralston_yukon_garrison_2021_02_05,Ralston_Rd_CDOT_reconciliation.xlsx,Bid Book + CDOT,9,18-ST-40,2,COA 3.5,COA,COA 3.5,REMOVAL OF TREE,202-00010,REMOVAL OF TREE,EA,EACH,41.00,800.00,1135.12,202-00010,matched,2021-02-05
fhu_ralston_yukon_garrison_20210205_row_0010,fhu_bid_tab_ralston_yukon_garrison_2021_02_05_18_st_40,fhu_bid_tab_ralston_yukon_garrison_2021_02_05,Ralston_Rd_CDOT_reconciliation.xlsx,Bid Book + CDOT,10,18-ST-40,3,COA 3.5,COA,COA 3.5,REMOVAL OF INLET,202-00019,REMOVAL OF INLET,EA,EACH,17.00,1500.00,1420.82,202-00019,matched,2021-02-05
fhu_ralston_yukon_garrison_20210205_row_0011,fhu_bid_tab_ralston_yukon_garrison_2021_02_05_18_st_40,fhu_bid_tab_ralston_yukon_garrison_2021_02_05,Ralston_Rd_CDOT_reconciliation.xlsx,Bid Book + CDOT,11,18-ST-40,4,COA 3.5,COA,COA 3.5,REMOVAL OF MANHOLE,202-00021,REMOVAL OF MANHOLE,EA,EACH,4.00,1500.00,1894.33,202-00021,matched,2021-02-05
fhu_ralston_yukon_garrison_20210205_row_0012,fhu_bid_tab_ralston_yukon_garrison_2021_02_05_18_st_40,fhu_bid_tab_ralston_yukon_garrison_2021_02_05,Ralston_Rd_CDOT_reconciliation.xlsx,Bid Book + CDOT,12,18-ST-40,5,COA 3.5,COA,COA 3.5,REMOVAL OF FIRE HYDRANT,202-00031,REMOVAL OF FIRE HYDRANT,EA,EACH,14.00,3500.00,1256.58,202-00031,matched,2021-02-05
fhu_ralston_yukon_garrison_20210205_row_0013,fhu_bid_tab_ralston_yukon_garrison_2021_02_05_18_st_40,fhu_bid_tab_ralston_yukon_garrison_2021_02_05,Ralston_Rd_CDOT_reconciliation.xlsx,Bid Book + CDOT,13,18-ST-40,6,COA 3.5,COA,COA 3.5,REMOVAL OF VALVE,202-00032,REMOVAL OF VALVE,EA,EACH,17.00,800.00,902.87,202-00032,matched,2021-02-05
fhu_ralston_yukon_garrison_20210205_row_0014,fhu_bid_tab_ralston_yukon_garrison_2021_02_05_18_st_40,fhu_bid_tab_ralston_yukon_garrison_2021_02_05,Ralston_Rd_CDOT_reconciliation.xlsx,Bid Book + CDOT,14,18-ST-40,7,COA 3.5,COA,COA 3.5,REMOVAL OF PIPE (STORM SEWERS),202-00033,REMOVAL OF PIPE (STORM SEWERS),EA,EACH,34.00,2000.00,1568.85,202-00033,matched,2021-02-05
fhu_ralston_yukon_garrison_20210205_row_0015,fhu_bid_tab_ralston_yukon_garrison_2021_02_05_18_st_40,fhu_bid_tab_ralston_yukon_garrison_2021_02_05,Ralston_Rd_CDOT_reconciliation.xlsx,Bid Book + CDOT,15,18-ST-40,8,COA 3.5,COA,COA 3.5,REMOVAL OF FIBER OPTIC CABLE,202-00055,REMOVAL OF FIBER OPTIC CABLE,LF,LF,2700.00,2.00,1.72,202-00055,matched,2021-02-05
fhu_ralston_yukon_garrison_20210205_row_0016,fhu_bid_tab_ralston_yukon_garrison_2021_02_05_18_st_40,fhu_bid_tab_ralston_yukon_garrison_2021_02_05,Ralston_Rd_CDOT_reconciliation.xlsx,Bid Book + CDOT,16,18-ST-40,9,COA 3.5,COA,COA 3.5,REMOVAL OF WALL,202-00155,REMOVAL OF WALL,LF,LF,1297.00,40.00,20.61,202-00155,matched,2021-02-05
fhu_ralston_yukon_garrison_20210205_row_0017,fhu_bid_tab_ralston_yukon_garrison_2021_02_05_18_st_40,fhu_bid_tab_ralston_yukon_garrison_2021_02_05,Ralston_Rd_CDOT_reconciliation.xlsx,Bid Book + CDOT,17,18-ST-40,10,COA 3.5,COA,COA 3.5,REMOVAL OF CONCRETE MEDIAN COVER MATERIAL,202-00190,REMOVAL OF CONCRETE MEDIAN COVER MATERIAL,SY,SY,200.00,19.00,20.97,202-00190,matched,2021-02-05
fhu_ralston_yukon_garrison_20210205_row_0018,fhu_bid_tab_ralston_yukon_garrison_2021_02_05_18_st_40,fhu_bid_tab_ralston_yukon_garrison_2021_02_05,Ralston_Rd_CDOT_reconciliation.xlsx,Bid Book + CDOT,18,18-ST-40,11,COA 3.5,COA,COA 3.5,REMOVAL OF SIDEWALK,202-00200,REMOVAL OF SIDEWALK,SY,SY,5452.00,17.00,17.13,202-00200,matched,2021-02-05
fhu_ralston_yukon_garrison_20210205_row_0019,fhu_bid_tab_ralston_yukon_garrison_2021_02_05_18_st_40,fhu_bid_tab_ralston_yukon_garrison_2021_02_05,Ralston_Rd_CDOT_reconciliation.xlsx,Bid Book + CDOT,19,18-ST-40,12,COA 3.5,COA,COA 3.5,REMOVAL OF CURB,202-00201,REMOVAL OF CURB,LF,LF,952.00,7.00,6.68,202-00201,matched,2021-02-05
fhu_ralston_yukon_garrison_20210205_row_0020,fhu_bid_tab_ralston_yukon_garrison_2021_02_05_18_st_40,fhu_bid_tab_ralston_yukon_garrison_2021_02_05,Ralston_Rd_CDOT_reconciliation.xlsx,Bid Book + CDOT,20,18-ST-40,13,COA 3.5,COA,COA 3.5,REMOVAL OF GUTTER,202-00202,REMOVAL OF GUTTER,LF,LF,404.00,7.00,8.72,202-00202,matched,2021-02-05
fhu_ralston_yukon_garrison_20210205_row_0021,fhu_bid_tab_ralston_yukon_garrison_2021_02_05_18_st_40,fhu_bid_tab_ralston_yukon_garrison_2021_02_05,Ralston_Rd_CDOT_reconciliation.xlsx,Bid Book + CDOT,21,18-ST-40,14,COA 3.5,COA,COA 3.5,REMOVAL OF CURB AND GUTTER,202-00203,REMOVAL OF CURB AND GUTTER,LF,LF,12063.00,8.00,7.79,202-00203,matched,2021-02-05
fhu_ralston_yukon_garrison_20210205_row_0022,fhu_bid_tab_ralston_yukon_garrison_2021_02_05_18_st_40,fhu_bid_tab_ralston_yukon_garrison_2021_02_05,Ralston_Rd_CDOT_reconciliation.xlsx,Bid Book + CDOT,22,18-ST-40,15,COA 3.5,COA,COA 3.5,REMOVAL OF CONCRETE CURB RAMP,202-00206,REMOVAL OF CONCRETE CURB RAMP,SY,SY,436.00,25.00,22.94,202-00206,matched,2021-02-05
fhu_ralston_yukon_garrison_20210205_row_0023,fhu_bid_tab_ralston_yukon_garrison_2021_02_05_18_st_40,fhu_bid_tab_ralston_yukon_garrison_2021_02_05,Ralston_Rd_CDOT_reconciliation.xlsx,Bid Book + CDOT,23,18-ST-40,16,COA 3.5,COA,COA 3.5,REMOVAL OF BRICK PAVERS,202-00207,REMOVAL OF BRICK PAVERS,SY,SY,650.00,20.00,24.30,202-00207,matched,2021-02-05
fhu_ralston_yukon_garrison_20210205_row_0024,fhu_bid_tab_ralston_yukon_garrison_2021_02_05_18_st_40,fhu_bid_tab_ralston_yukon_garrison_2021_02_05,Ralston_Rd_CDOT_reconciliation.xlsx,Bid Book + CDOT,24,18-ST-40,17,COA 3.5,COA,COA 3.5,REMOVAL OF CONCRETE PAVEMENT,202-00210,REMOVAL OF CONCRETE PAVEMENT,SY,SY,1019.00,23.00,21.97,202-00210,matched,2021-02-05
fhu_ralston_yukon_garrison_20210205_row_0025,fhu_bid_tab_ralston_yukon_garrison_2021_02_05_18_st_40,fhu_bid_tab_ralston_yukon_garrison_2021_02_05,Ralston_Rd_CDOT_reconciliation.xlsx,Bid Book + CDOT,25,18-ST-40,18,COA 3.5,COA,COA 3.5,REMOVAL OF ASPHALT MAT,202-00220,REMOVAL OF ASPHALT MAT,SY,SY,37839.00,10.00,8.05,202-00220,matched,2021-02-05
fhu_ralston_yukon_garrison_20210205_row_0026,fhu_bid_tab_ralston_yukon_garrison_2021_02_05_18_st_40,fhu_bid_tab_ralston_yukon_garrison_2021_02_05,Ralston_Rd_CDOT_reconciliation.xlsx,Bid Book + CDOT,26,18-ST-40,19,COA 3.5,COA,COA 3.5,REMOVAL OF PAVEMENT MARKING,202-00250,REMOVAL OF PAVEMENT MARKING,SF,SF,92.00,1.00,4.53,202-00250,matched,2021-02-05
fhu_ralston_yukon_garrison_20210205_row_0027,fhu_bid_tab_ralston_yukon_garrison_2021_02_05_18_st_40,fhu_bid_tab_ralston_yukon_garrison_2021_02_05,Ralston_Rd_CDOT_reconciliation.xlsx,Bid Book + CDOT,27,18-ST-40,20,COA 3.5,COA,COA 3.5,REMOVAL OF LIGHT STANDARD,202-00700,REMOVAL OF LIGHT STANDARD,EA,EACH,13.00,850.00,238.76,202-00700,matched,2021-02-05
fhu_ralston_yukon_garrison_20210205_row_0028,fhu_bid_tab_ralston_yukon_garrison_2021_02_05_18_st_40,fhu_bid_tab_ralston_yukon_garrison_2021_02_05,Ralston_Rd_CDOT_reconciliation.xlsx,Bid Book + CDOT,28,18-ST-40,21,COA 3.5,COA,COA 3.5,REMOVAL OF LIGHT STANDARD FOUNDATION,202-00705,REMOVAL OF LIGHT STANDARD FOUNDATION,EA,EACH,14.00,1100.00,510.59,202-00705,matched,2021-02-05
fhu_ralston_yukon_garrison_20210205_row_0029,fhu_bid_tab_ralston_yukon_garrison_2021_02_05_18_st_40,fhu_bid_tab_ralston_yukon_garrison_2021_02_05,Ralston_Rd_CDOT_reconciliation.xlsx,Bid Book + CDOT,29,18-ST-40,22,COA 3.5,COA,COA 3.5,REMOVAL OF LUMINAIRE,202-00750,REMOVAL OF LUMINAIRE,EA,EACH,13.00,200.00,82.14,202-00750,matched,2021-02-05
fhu_ralston_yukon_garrison_20210205_row_0030,fhu_bid_tab_ralston_yukon_garrison_2021_02_05_18_st_40,fhu_bid_tab_ralston_yukon_garrison_2021_02_05,Ralston_Rd_CDOT_reconciliation.xlsx,Bid Book + CDOT,30,18-ST-40,23,COA 3.5,COA,COA 3.5,REMOVAL OF SIGN,202-00810,REMOVAL OF SIGN,EA,EACH,30.00,1000.00,301.35,202-00810,matched,2021-02-05
fhu_ralston_yukon_garrison_20210205_row_0031,fhu_bid_tab_ralston_yukon_garrison_2021_02_05_18_st_40,fhu_bid_tab_ralston_yukon_garrison_2021_02_05,Ralston_Rd_CDOT_reconciliation.xlsx,Bid Book + CDOT,31,18-ST-40,24,COA 3.5,COA,COA 3.5,REMOVAL OF GROUND SIGN,202-00810,REMOVAL OF GROUND SIGN,EA,EACH,7.00,120.00,128.65,202-00810,matched,2021-02-05
fhu_ralston_yukon_garrison_20210205_row_0032,fhu_bid_tab_ralston_yukon_garrison_2021_02_05_18_st_40,fhu_bid_tab_ralston_yukon_garrison_2021_02_05,Ralston_Rd_CDOT_reconciliation.xlsx,Bid Book + CDOT,32,18-ST-40,25,COA 3.5,COA,COA 3.5,REMOVAL OF SIGN PANEL,202-00821,REMOVAL OF SIGN PANEL,EA,EACH,9.00,70.00,68.98,202-00821,matched,2021-02-05
fhu_ralston_yukon_garrison_20210205_row_0033,fhu_bid_tab_ralston_yukon_garrison_2021_02_05_18_st_40,fhu_bid_tab_ralston_yukon_garrison_2021_02_05,Ralston_Rd_CDOT_reconciliation.xlsx,Bid Book + CDOT,33,18-ST-40,26,COA 3.5,COA,COA 3.5,REMOVAL OF TRAFFIC SIGNAL EQUIPMENT,202-00828,REMOVAL OF TRAFFIC SIGNAL EQUIPMENT,LS,L S,1.00,40000.00,26437.92,202-00828,matched,2021-02-05
fhu_ralston_yukon_garrison_20210205_row_0034,fhu_bid_tab_ralston_yukon_garrison_2021_02_05_18_st_40,fhu_bid_tab_ralston_yukon_garrison_2021_02_05,Ralston_Rd_CDOT_reconciliation.xlsx,Bid Book + CDOT,34,18-ST-40,27,COA 3.5,COA,COA 3.5,REMOVAL OF FENCE,202-01000,REMOVAL OF FENCE,LF,LF,391.00,10.00,9.85,202-01000,matched,2021-02-05
fhu_ralston_yukon_garrison_20210205_row_0035,fhu_bid_tab_ralston_yukon_garrison_2021_02_05_18_st_40,fhu_bid_tab_ralston_yukon_garrison_2021_02_05,Ralston_Rd_CDOT_reconciliation.xlsx,Bid Book + CDOT,35,18-ST-40,28,COA 3.5,COA,COA 3.5,REMOVAL OF BENCH,,REMOVAL OF BENCH,EA,EACH,1.00,800.00,1028.50,,unmatched,2021-02-05
fhu_ralston_yukon_garrison_20210205_row_0036,fhu_bid_tab_ralston_yukon_garrison_2021_02_05_18_st_40,fhu_bid_tab_ralston_yukon_garrison_2021_02_05,Ralston_Rd_CDOT_reconciliation.xlsx,Bid Book + CDOT,36,18-ST-40,29,COA 3.5,COA,COA 3.5,"REPLACE 6"" VCP SEWER WITH 6"" PVC PIPE",,"REPLACE 6"" VCP SEWER WITH 6"" PVC PIPE",LF,LF,8.00,200.00,343.71,,unmatched,2021-02-05
fhu_ralston_yukon_garrison_20210205_row_0037,fhu_bid_tab_ralston_yukon_garrison_2021_02_05_18_st_40,fhu_bid_tab_ralston_yukon_garrison_2021_02_05,Ralston_Rd_CDOT_reconciliation.xlsx,Bid Book + CDOT,37,18-ST-40,30,COA 3.5,COA,COA 3.5,REMOVE 4 INCH CI ABANDONED MAIN,202-00035,REMOVE 4 INCH CI ABANDONED MAIN,LF,LF,198.00,75.00,63.98,202-00035,matched,2021-02-05
fhu_ralston_yukon_garrison_20210205_row_0038,fhu_bid_tab_ralston_yukon_garrison_2021_02_05_18_st_40,fhu_bid_tab_ralston_yukon_garrison_2021_02_05,Ralston_Rd_CDOT_reconciliation.xlsx,Bid Book + CDOT,38,18-ST-40,31,COA 3.55,COA,COA 3.55,REMOVE 4 INCH AC MAIN,202-00035,REMOVE 4 INCH AC MAIN,LF,LF,30.00,100.00,113.42,202-00035,matched,2021-02-05
fhu_ralston_yukon_garrison_20210205_row_0039,fhu_bid_tab_ralston_yukon_garrison_2021_02_05_18_st_40,fhu_bid_tab_ralston_yukon_garrison_2021_02_05,Ralston_Rd_CDOT_reconciliation.xlsx,Bid Book + CDOT,39,18-ST-40,32,COA 3.55,COA,COA 3.55,REMOVE 6 INCH AC MAIN,202-00035,REMOVE 6 INCH AC MAIN,LF,LF,15.00,100.00,189.54,202-00035,matched,2021-02-05
fhu_ralston_yukon_garrison_20210205_row_0040,fhu_bid_tab_ralston_yukon_garrison_2021_02_05_18_st_40,fhu_bid_tab_ralston_yukon_garrison_2021_02_05,Ralston_Rd_CDOT_reconciliation.xlsx,Bid Book + CDOT,40,18-ST-40,33,COA 3.5,COA,COA 3.5,REMOVE 6 INCH PVC MAIN,202-00035,REMOVE 6 INCH PVC MAIN,LF,LF,15.00,100.00,95.02,202-00035,matched,2021-02-05
fhu_ralston_yukon_garrison_20210205_row_0041,fhu_bid_tab_ralston_yukon_garrison_2021_02_05_18_st_40,fhu_bid_tab_ralston_yukon_garrison_2021_02_05,Ralston_Rd_CDOT_reconciliation.xlsx,Bid Book + CDOT,41,18-ST-40,34,COA 3.5,COA,COA 3.5,REMOVE 8 INCH PVC MAIN,202-00035,REMOVE 8 INCH PVC MAIN,LF,LF,165.00,75.00,35.49,202-00035,matched,2021-02-05
fhu_ralston_yukon_garrison_20210205_row_0042,fhu_bid_tab_ralston_yukon_garrison_2021_02_05_18_st_40,fhu_bid_tab_ralston_yukon_garrison_2021_02_05,Ralston_Rd_CDOT_reconciliation.xlsx,Bid Book + CDOT,42,18-ST-40,35,COA 3.5,COA,COA 3.5,REMOVE 12 INCH PVC MAIN,202-00035,REMOVE 12 INCH PVC MAIN,LF,LF,119.00,75.00,43.21,202-00035,matched,2021-02-05
fhu_ralston_yukon_garrison_20210205_row_0043,fhu_bid_tab_ralston_yukon_garrison_2021_02_05_18_st_40,fhu_bid_tab_ralston_yukon_garrison_2021_02_05,Ralston_Rd_CDOT_reconciliation.xlsx,Bid Book + CDOT,43,18-ST-40,36,COA 3.5,COA,COA 3.5,ABANDON VALVE BOX,,ABANDON VALVE BOX,EA,EACH,12.00,200.00,569.87,,unmatched,2021-02-05
fhu_ralston_yukon_garrison_20210205_row_0044,fhu_bid_tab_ralston_yukon_garrison_2021_02_05_18_st_40,fhu_bid_tab_ralston_yukon_garrison_2021_02_05,Ralston_Rd_CDOT_reconciliation.xlsx,Bid Book + CDOT,44,18-ST-40,37,COA 3.33,COA,COA 3.33,UNCLASSIFIED EXCAVATION (COMPLETE IN PLACE),203-00000,UNCLASSIFIED EXCAVATION (COMPLETE IN PLACE),CY,CY,20930.00,20.00,34.86,203-00000,matched,2021-02-05
fhu_ralston_yukon_garrison_20210205_row_0045,fhu_bid_tab_ralston_yukon_garrison_2021_02_05_18_st_40,fhu_bid_tab_ralston_yukon_garrison_2021_02_05,Ralston_Rd_CDOT_reconciliation.xlsx,Bid Book + CDOT,45,18-ST-40,38,CDOT 203,CDOT,CDOT 203,POTHOLING (ROADWAY),203-01597,POTHOLING (ROADWAY),EA,EACH,200.00,500.00,366.93,203-01597,matched,2021-02-05
fhu_ralston_yukon_garrison_20210205_row_0046,fhu_bid_tab_ralston_yukon_garrison_2021_02_05_18_st_40,fhu_bid_tab_ralston_yukon_garrison_2021_02_05,Ralston_Rd_CDOT_reconciliation.xlsx,Bid Book + CDOT,46,18-ST-40,39,CDOT 203,CDOT,CDOT 203,POTHOLING (STREETSCAPE),203-01597,POTHOLING (STREETSCAPE),EA,EACH,50.00,500.00,341.96,203-01597,matched,2021-02-05
fhu_ralston_yukon_garrison_20210205_row_0047,fhu_bid_tab_ralston_yukon_garrison_2021_02_05_18_st_40,fhu_bid_tab_ralston_yukon_garrison_2021_02_05,Ralston_Rd_CDOT_reconciliation.xlsx,Bid Book + CDOT,47,18-ST-40,40,CDOT 203,CDOT,CDOT 203,POTHOLING (WATER),203-01597,POTHOLING (WATER),EA,EACH,50.00,500.00,377.21,203-01597,matched,2021-02-05
fhu_ralston_yukon_garrison_20210205_row_0048,fhu_bid_tab_ralston_yukon_garrison_2021_02_05_18_st_40,fhu_bid_tab_ralston_yukon_garrison_2021_02_05,Ralston_Rd_CDOT_reconciliation.xlsx,Bid Book + CDOT,48,18-ST-40,41,COA 3.20,COA,COA 3.20,SELECT BACKFILL,206-00100,SELECT BACKFILL,CY,CY,1450.00,40.00,46.55,206-00100,matched,2021-02-05
fhu_ralston_yukon_garrison_20210205_row_0049,fhu_bid_tab_ralston_yukon_garrison_2021_02_05_18_st_40,fhu_bid_tab_ralston_yukon_garrison_2021_02_05,Ralston_Rd_CDOT_reconciliation.xlsx,Bid Book + CDOT,49,18-ST-40,42,CDOT 206,CDOT,CDOT 206,STRUCTURE BACKFILL (FLOW-FILL),206-00060,STRUCTURE BACKFILL (FLOW-FILL),CY,CY,115.00,65.00,195.28,206-00060,matched,2021-02-05
fhu_ralston_yukon_garrison_20210205_row_0050,fhu_bid_tab_ralston_yukon_garrison_2021_02_05_18_st_40,fhu_bid_tab_ralston_yukon_garrison_2021_02_05,Ralston_Rd_CDOT_reconciliation.xlsx,Bid Book + CDOT,50,18-ST-40,43,COA 3.52,COA,COA 3.52,TOPSOIL,207-00205,TOPSOIL,CY,CY,627.00,11.00,50.63,207-00205,matched,2021-02-05
fhu_ralston_yukon_garrison_20210205_row_0051,fhu_bid_tab_ralston_yukon_garrison_2021_02_05_18_st_40,fhu_bid_tab_ralston_yukon_garrison_2021_02_05,Ralston_Rd_CDOT_reconciliation.xlsx,Bid Book + CDOT,51,18-ST-40,44,COA 5.7.2,COA,COA 5.7.2,STABILIZED STAGING AREA,,STABILIZED STAGING AREA,EA,EACH,3.00,4000.00,9192.25,,unmatched,2021-02-05
fhu_ralston_yukon_garrison_20210205_row_0052,fhu_bid_tab_ralston_yukon_garrison_2021_02_05_18_st_40,fhu_bid_tab_ralston_yukon_garrison_2021_02_05,Ralston_Rd_CDOT_reconciliation.xlsx,Bid Book + CDOT,52,18-ST-40,45,COA 5.7.2,COA,COA 5.7.2,EROSION LOG (12 INCH),208-00002,EROSION LOG (12 INCH),LF,LF,3690.00,8.00,5.18,208-00002,matched,2021-02-05
fhu_ralston_yukon_garrison_20210205_row_0053,fhu_bid_tab_ralston_yukon_garrison_2021_02_05_18_st_40,fhu_bid_tab_ralston_yukon_garrison_2021_02_05,Ralston_Rd_CDOT_reconciliation.xlsx,Bid Book + CDOT,53,18-ST-40,46,COA 5.7.2,COA,COA 5.7.2,AGGREGATE BAG,208-00035,AGGREGATE BAG,LF,LF,290.00,10.00,13.76,208-00035,matched,2021-02-05
fhu_ralston_yukon_garrison_20210205_row_0054,fhu_bid_tab_ralston_yukon_garrison_2021_02_05_18_st_40,fhu_bid_tab_ralston_yukon_garrison_2021_02_05,Ralston_Rd_CDOT_reconciliation.xlsx,Bid Book + CDOT,54,18-ST-40,47,COA 5.7.2,COA,COA 5.7.2,PRE-FABRICATED CONCRETE WASHOUT STRUCTURE (TYPE 1),208-00045,PRE-FABRICATED CONCRETE WASHOUT STRUCTURE (TYPE 1),EA,EACH,12.00,1800.00,2680.99,208-00045,matched,2021-02-05
fhu_ralston_yukon_garrison_20210205_row_0055,fhu_bid_tab_ralston_yukon_garrison_2021_02_05_18_st_40,fhu_bid_tab_ralston_yukon_garrison_2021_02_05,Ralston_Rd_CDOT_reconciliation.xlsx,Bid Book + CDOT,55,18-ST-40,48,COA 5.7.2,COA,COA 5.7.2,STORM DRAIN INLET PROTECTION (ON GRADE),208-00051,STORM DRAIN INLET PROTECTION (ON GRADE),LF,LF,1509.00,15.00,12.42,208-00051,matched,2021-02-05
fhu_ralston_yukon_garrison_20210205_row_0056,fhu_bid_tab_ralston_yukon_garrison_2021_02_05_18_st_40,fhu_bid_tab_ralston_yukon_garrison_2021_02_05,Ralston_Rd_CDOT_reconciliation.xlsx,Bid Book + CDOT,56,18-ST-40,49,COA 5.7.2,COA,COA 5.7.2,STORM DRAIN INLET PROTECTION (SUMP),208-00052,STORM DRAIN INLET PROTECTION (SUMP),LF,LF,78.00,15.00,24.04,208-00052,matched,2021-02-05
fhu_ralston_yukon_garrison_20210205_row_0057,fhu_bid_tab_ralston_yukon_garrison_2021_02_05_18_st_40,fhu_bid_tab_ralston_yukon_garrison_2021_02_05,Ralston_Rd_CDOT_reconciliation.xlsx,Bid Book + CDOT,57,18-ST-40,50,COA 5.7.2,COA,COA 5.7.2,STORM DRAIN INLET PROTECTION (AREA),208-00052,STORM DRAIN INLET PROTECTION (AREA),LF,LF,174.00,15.00,18.78,208-00052,matched,2021-02-05
fhu_ralston_yukon_garrison_20210205_row_0058,fhu_bid_tab_ralston_yukon_garrison_2021_02_05_18_st_40,fhu_bid_tab_ralston_yukon_garrison_2021_02_05,Ralston_Rd_CDOT_reconciliation.xlsx,Bid Book + CDOT,58,18-ST-40,51,COA 5.7.2,COA,COA 5.7.2,PRE-FABRICATED VEHICLE TRACKING PAD,208-00070,PRE-FABRICATED VEHICLE TRACKING PAD,EA,EACH,2.00,4700.00,6613.49,208-00070,matched,2021-02-05
fhu_ralston_yukon_garrison_20210205_row_0059,fhu_bid_tab_ralston_yukon_garrison_2021_02_05_18_st_40,fhu_bid_tab_ralston_yukon_garrison_2021_02_05,Ralston_Rd_CDOT_reconciliation.xlsx,Bid Book + CDOT,59,18-ST-40,52,COA 5.7,COA,COA 5.7,EROSION CONTROL MANAGEMENT (ECM),208-00207,EROSION CONTROL MANAGEMENT (ECM),DY,DAY,730.00,200.00,157.35,208-00207,matched,2021-02-05
fhu_ralston_yukon_garrison_20210205_row_0060,fhu_bid_tab_ralston_yukon_garrison_2021_02_05_18_st_40,fhu_bid_tab_ralston_yukon_garrison_2021_02_05,Ralston_Rd_CDOT_reconciliation.xlsx,Bid Book + CDOT,60,18-ST-40,53,COA 3.6,COA,COA 3.6,RESET BRICK PAVERS,210-00300,RESET BRICK PAVERS,SY,SY,86.00,100.00,105.23,210-00300,matched,2021-02-05
fhu_ralston_yukon_garrison_20210205_row_0061,fhu_bid_tab_ralston_yukon_garrison_2021_02_05_18_st_40,fhu_bid_tab_ralston_yukon_garrison_2021_02_05,Ralston_Rd_CDOT_reconciliation.xlsx,Bid Book + CDOT,61,18-ST-40,54,COA 3.6,COA,COA 3.6,RESET VALVE BOX TO FINISHED GRADE,210-01710,RESET VALVE BOX TO FINISHED GRADE,EA,EACH,60.00,425.00,708.27,210-01710,matched,2021-02-05
fhu_ralston_yukon_garrison_20210205_row_0062,fhu_bid_tab_ralston_yukon_garrison_2021_02_05_18_st_40,fhu_bid_tab_ralston_yukon_garrison_2021_02_05,Ralston_Rd_CDOT_reconciliation.xlsx,Bid Book + CDOT,62,18-ST-40,55,COA 3.6,COA,COA 3.6,RESET METER BOX TO FINISHED GRADE,210-00035,RESET METER BOX TO FINISHED GRADE,EA,EACH,2.00,1100.00,768.77,210-00035,matched,2021-02-05
fhu_ralston_yukon_garrison_20210205_row_0063,fhu_bid_tab_ralston_yukon_garrison_2021_02_05_18_st_40,fhu_bid_tab_ralston_yukon_garrison_2021_02_05,Ralston_Rd_CDOT_reconciliation.xlsx,Bid Book + CDOT,63,18-ST-40,56,COA 3.6,COA,COA 3.6,RESET GROUND SIGN,210-00810,RESET GROUND SIGN,EA,EACH,51.00,200.00,148.55,210-00810,matched,2021-02-05
fhu_ralston_yukon_garrison_20210205_row_0064,fhu_bid_tab_ralston_yukon_garrison_2021_02_05_18_st_40,fhu_bid_tab_ralston_yukon_garrison_2021_02_05,Ralston_Rd_CDOT_reconciliation.xlsx,Bid Book + CDOT,64,18-ST-40,57,COA 3.6,COA,COA 3.6,RESET SIGN PANEL,201-00816,RESET SIGN PANEL,EA,EACH,9.00,150.00,123.49,201-00816,matched,2021-02-05
fhu_ralston_yukon_garrison_20210205_row_0065,fhu_bid_tab_ralston_yukon_garrison_2021_02_05_18_st_40,fhu_bid_tab_ralston_yukon_garrison_2021_02_05,Ralston_Rd_CDOT_reconciliation.xlsx,Bid Book + CDOT,65,18-ST-40,58,COA 3.6,COA,COA 3.6,RESET FLASHING BEACON ASSEMBLY,210-00825,RESET FLASHING BEACON ASSEMBLY,EA,EACH,2.00,2800.00,1221.07,210-00825,matched,2021-02-05
fhu_ralston_yukon_garrison_20210205_row_0066,fhu_bid_tab_ralston_yukon_garrison_2021_02_05_18_st_40,fhu_bid_tab_ralston_yukon_garrison_2021_02_05,Ralston_Rd_CDOT_reconciliation.xlsx,Bid Book + CDOT,66,18-ST-40,59,COA 3.6,COA,COA 3.6,RESET SIGNAL HEAD,210-00474,RESET SIGNAL HEAD,EA,EACH,2.00,1000.00,364.54,210-00474,matched,2021-02-05
fhu_ralston_yukon_garrison_20210205_row_0067,fhu_bid_tab_ralston_yukon_garrison_2021_02_05_18_st_40,fhu_bid_tab_ralston_yukon_garrison_2021_02_05,Ralston_Rd_CDOT_reconciliation.xlsx,Bid Book + CDOT,67,18-ST-40,60,COA 3.6,COA,COA 3.6,RESET FIRE PREEMPTION UNIT AND TIMER,210-00866,RESET FIRE PREEMPTION UNIT AND TIMER,EA,EACH,7.00,500.00,496.16,210-00866,matched,2021-02-05
fhu_ralston_yukon_garrison_20210205_row_0068,fhu_bid_tab_ralston_yukon_garrison_2021_02_05_18_st_40,fhu_bid_tab_ralston_yukon_garrison_2021_02_05,Ralston_Rd_CDOT_reconciliation.xlsx,Bid Book + CDOT,68,18-ST-40,61,COA 3.6,COA,COA 3.6,ADJUST MANHOLE,210-04010,ADJUST MANHOLE,EA,EACH,32.00,700.00,1121.45,210-04010,matched,2021-02-05
fhu_ralston_yukon_garrison_20210205_row_0069,fhu_bid_tab_ralston_yukon_garrison_2021_02_05_18_st_40,fhu_bid_tab_ralston_yukon_garrison_2021_02_05,Ralston_Rd_CDOT_reconciliation.xlsx,Bid Book + CDOT,69,18-ST-40,62,COA 3.6,COA,COA 3.6,MODIFY MANHOLE,210-04015,MODIFY MANHOLE,EA,EACH,13.00,1500.00,2306.77,210-04015,matched,2021-02-05
fhu_ralston_yukon_garrison_20210205_row_0070,fhu_bid_tab_ralston_yukon_garrison_2021_02_05_18_st_40,fhu_bid_tab_ralston_yukon_garrison_2021_02_05,Ralston_Rd_CDOT_reconciliation.xlsx,Bid Book + CDOT,70,18-ST-40,63,COA 3.6,COA,COA 3.6,MODIFY INLET,210-04020,MODIFY INLET,EA,EACH,2.00,4000.00,3867.92,210-04020,matched,2021-02-05
fhu_ralston_yukon_garrison_20210205_row_0071,fhu_bid_tab_ralston_yukon_garrison_2021_02_05_18_st_40,fhu_bid_tab_ralston_yukon_garrison_2021_02_05,Ralston_Rd_CDOT_reconciliation.xlsx,Bid Book + CDOT,71,18-ST-40,64,COA 3.6,COA,COA 3.6,MODIFY STRUCTURE (SPECIAL),210-04025,MODIFY STRUCTURE (SPECIAL),EA,EACH,15.00,4000.00,4772.94,210-04025,matched,2021-02-05
fhu_ralston_yukon_garrison_20210205_row_0072,fhu_bid_tab_ralston_yukon_garrison_2021_02_05_18_st_40,fhu_bid_tab_ralston_yukon_garrison_2021_02_05,Ralston_Rd_CDOT_reconciliation.xlsx,Bid Book + CDOT,72,18-ST-40,65,COA 3.15,COA,COA 3.15,CLEAN CULVERT,202-04002,CLEAN CULVERT,EA,EACH,30.00,1500.00,1967.74,202-04002,matched,2021-02-05
fhu_ralston_yukon_garrison_20210205_row_0073,fhu_bid_tab_ralston_yukon_garrison_2021_02_05_18_st_40,fhu_bid_tab_ralston_yukon_garrison_2021_02_05,Ralston_Rd_CDOT_reconciliation.xlsx,Bid Book + CDOT,73,18-ST-40,66,COA 3.6,COA,COA 3.6,RESET RTD SHELTER,,RESET RTD SHELTER,EA,EACH,2.00,2000.00,4272.33,,unmatched,2021-02-05
fhu_ralston_yukon_garrison_20210205_row_0074,fhu_bid_tab_ralston_yukon_garrison_2021_02_05_18_st_40,fhu_bid_tab_ralston_yukon_garrison_2021_02_05,Ralston_Rd_CDOT_reconciliation.xlsx,Bid Book + CDOT,74,18-ST-40,67,COA 3.6,COA,COA 3.6,RESET BENCH,,RESET BENCH,EA,EACH,2.00,1000.00,769.33,,unmatched,2021-02-05
fhu_ralston_yukon_garrison_20210205_row_0075,fhu_bid_tab_ralston_yukon_garrison_2021_02_05_18_st_40,fhu_bid_tab_ralston_yukon_garrison_2021_02_05,Ralston_Rd_CDOT_reconciliation.xlsx,Bid Book + CDOT,75,18-ST-40,68,CDOT 629,CDOT,CDOT 629,RESET SURVEY MONUMENT,629-01001,RESET SURVEY MONUMENT,EA,EACH,4.00,1000.00,1397.76,629-01001,matched,2021-02-05
fhu_ralston_yukon_garrison_20210205_row_0076,fhu_bid_tab_ralston_yukon_garrison_2021_02_05_18_st_40,fhu_bid_tab_ralston_yukon_garrison_2021_02_05,Ralston_Rd_CDOT_reconciliation.xlsx,Bid Book + CDOT,76,18-ST-40,69,CDOT 629,CDOT,CDOT 629,RESET PROPERTY PIN,629-01001,RESET PROPERTY PIN,EA,EACH,95.00,150.00,195.01,629-01001,matched,2021-02-05
fhu_ralston_yukon_garrison_20210205_row_0077,fhu_bid_tab_ralston_yukon_garrison_2021_02_05_18_st_40,fhu_bid_tab_ralston_yukon_garrison_2021_02_05,Ralston_Rd_CDOT_reconciliation.xlsx,Bid Book + CDOT,77,18-ST-40,70,COA 5.2.2,COA,COA 5.2.2,TREE RETENTION AND PROTECTION,,TREE RETENTION AND PROTECTION,EA,EACH,25.00,2000.00,460.74,,unmatched,2021-02-05
fhu_ralston_yukon_garrison_20210205_row_0078,fhu_bid_tab_ralston_yukon_garrison_2021_02_05_18_st_40,fhu_bid_tab_ralston_yukon_garrison_2021_02_05,Ralston_Rd_CDOT_reconciliation.xlsx,Bid Book + CDOT,78,18-ST-40,71,COA 3.53,COA,COA 3.53,SEEDING ON PRIVATE PROPERTY,212-00011,SEEDING ON PRIVATE PROPERTY,AC,ACRE,0.39,2000.00,12232.19,212-00011,matched,2021-02-05
fhu_ralston_yukon_garrison_20210205_row_0079,fhu_bid_tab_ralston_yukon_garrison_2021_02_05_18_st_40,fhu_bid_tab_ralston_yukon_garrison_2021_02_05,Ralston_Rd_CDOT_reconciliation.xlsx,Bid Book + CDOT,79,18-ST-40,72,COA 3.53,COA,COA 3.53,SOD ON CITY PROPERTY,212-00050,SOD ON CITY PROPERTY,SY,SY,1623.00,10.00,10.93,212-00050,matched,2021-02-05
fhu_ralston_yukon_garrison_20210205_row_0080,fhu_bid_tab_ralston_yukon_garrison_2021_02_05_18_st_40,fhu_bid_tab_ralston_yukon_garrison_2021_02_05,Ralston_Rd_CDOT_reconciliation.xlsx,Bid Book + CDOT,80,18-ST-40,73,COA 3.57,COA,COA 3.57,WOOD MULCH (WOLFF PARK),213-00008,WOOD MULCH (WOLFF PARK),SF,SF,910.00,3.00,2.95,213-00008,matched,2021-02-05
fhu_ralston_yukon_garrison_20210205_row_0081,fhu_bid_tab_ralston_yukon_garrison_2021_02_05_18_st_40,fhu_bid_tab_ralston_yukon_garrison_2021_02_05,Ralston_Rd_CDOT_reconciliation.xlsx,Bid Book + CDOT,81,18-ST-40,74,COA 3.58,COA,COA 3.58,"MULCH TYPE 1, 1-1/2"" ANGULAR DECORATIVE ROCK",213-00005,"MULCH TYPE 1, 1-1/2"" ANGULAR DECORATIVE ROCK",TON,TON,270.00,90.00,92.38,213-00005,matched,2021-02-05
fhu_ralston_yukon_garrison_20210205_row_0082,fhu_bid_tab_ralston_yukon_garrison_2021_02_05_18_st_40,fhu_bid_tab_ralston_yukon_garrison_2021_02_05,Ralston_Rd_CDOT_reconciliation.xlsx,Bid Book + CDOT,82,18-ST-40,75,COA 3.50,COA,COA 3.50,TREE GRATE,213-00500,TREE GRATE,EA,EACH,20.00,1500.00,2455.14,213-00500,matched,2021-02-05
fhu_ralston_yukon_garrison_20210205_row_0083,fhu_bid_tab_ralston_yukon_garrison_2021_02_05_18_st_40,fhu_bid_tab_ralston_yukon_garrison_2021_02_05,Ralston_Rd_CDOT_reconciliation.xlsx,Bid Book + CDOT,83,18-ST-40,76,COA 3.54,COA,COA 3.54,TREE (DECIDUOUS),214-00201,TREE (DECIDUOUS),EA,EACH,55.00,575.00,701.44,214-00201,matched,2021-02-05
fhu_ralston_yukon_garrison_20210205_row_0084,fhu_bid_tab_ralston_yukon_garrison_2021_02_05_18_st_40,fhu_bid_tab_ralston_yukon_garrison_2021_02_05,Ralston_Rd_CDOT_reconciliation.xlsx,Bid Book + CDOT,84,18-ST-40,77,COA 3.54,COA,COA 3.54,TREE (ORNAMENTAL),214-00210,TREE (ORNAMENTAL),EA,EACH,11.00,252.00,622.02,214-00210,matched,2021-02-05
fhu_ralston_yukon_garrison_20210205_row_0085,fhu_bid_tab_ralston_yukon_garrison_2021_02_05_18_st_40,fhu_bid_tab_ralston_yukon_garrison_2021_02_05,Ralston_Rd_CDOT_reconciliation.xlsx,Bid Book + CDOT,85,18-ST-40,78,COA 3.54,COA,COA 3.54,DECIDUOUS SHRUB (5 GALLON),214-00350,DECIDUOUS SHRUB (5 GALLON),EA,EACH,718.00,45.00,44.51,214-00350,matched,2021-02-05
fhu_ralston_yukon_garrison_20210205_row_0086,fhu_bid_tab_ralston_yukon_garrison_2021_02_05_18_st_40,fhu_bid_tab_ralston_yukon_garrison_2021_02_05,Ralston_Rd_CDOT_reconciliation.xlsx,Bid Book + CDOT,86,18-ST-40,79,COA 3.54,COA,COA 3.54,EVERGREEN SHRUB (1 GALLON),214-00610,EVERGREEN SHRUB (1 GALLON),EA,EACH,41.00,25.00,25.31,214-00610,matched,2021-02-05
fhu_ralston_yukon_garrison_20210205_row_0087,fhu_bid_tab_ralston_yukon_garrison_2021_02_05_18_st_40,fhu_bid_tab_ralston_yukon_garrison_2021_02_05,Ralston_Rd_CDOT_reconciliation.xlsx,Bid Book + CDOT,87,18-ST-40,80,COA 3.54,COA,COA 3.54,EVERGREEN SHRUB (5 GALLON),214-00650,EVERGREEN SHRUB (5 GALLON),EA,EACH,271.00,45.00,53.57,214-00650,matched,2021-02-05
fhu_ralston_yukon_garrison_20210205_row_0088,fhu_bid_tab_ralston_yukon_garrison_2021_02_05_18_st_40,fhu_bid_tab_ralston_yukon_garrison_2021_02_05,Ralston_Rd_CDOT_reconciliation.xlsx,Bid Book + CDOT,88,18-ST-40,81,COA 3.54,COA,COA 3.54,ORNAMENTAL GRASSES (1 GALLON),214-00910,ORNAMENTAL GRASSES (1 GALLON),EA,EACH,661.00,20.00,18.68,214-00910,matched,2021-02-05
fhu_ralston_yukon_garrison_20210205_row_0089,fhu_bid_tab_ralston_yukon_garrison_2021_02_05_18_st_40,fhu_bid_tab_ralston_yukon_garrison_2021_02_05,Ralston_Rd_CDOT_reconciliation.xlsx,Bid Book + CDOT,89,18-ST-40,82,COA 3.54,COA,COA 3.54,PERENNIALS (1 GALLON),214-00910,PERENNIALS (1 GALLON),EA,EACH,312.00,25.00,18.14,214-00910,matched,2021-02-05
fhu_ralston_yukon_garrison_20210205_row_0090,fhu_bid_tab_ralston_yukon_garrison_2021_02_05_18_st_40,fhu_bid_tab_ralston_yukon_garrison_2021_02_05,Ralston_Rd_CDOT_reconciliation.xlsx,Bid Book + CDOT,90,18-ST-40,83,COA 3.52,COA,COA 3.52,"AMENDED TOPSOIL SHRUB BEDS (18"")",207-00205,"AMENDED TOPSOIL SHRUB BEDS (18"")",CY,CY,936.00,50.00,55.43,207-00205,matched,2021-02-05
fhu_ralston_yukon_garrison_20210205_row_0091,fhu_bid_tab_ralston_yukon_garrison_2021_02_05_18_st_40,fhu_bid_tab_ralston_yukon_garrison_2021_02_05,Ralston_Rd_CDOT_reconciliation.xlsx,Bid Book + CDOT,91,18-ST-40,84,COA 3.52,COA,COA 3.52,"AMENDED TOPSOIL SHRUB BEDS (24"")",207-00205,"AMENDED TOPSOIL SHRUB BEDS (24"")",CY,CY,197.00,50.00,55.43,207-00205,matched,2021-02-05
fhu_ralston_yukon_garrison_20210205_row_0092,fhu_bid_tab_ralston_yukon_garrison_2021_02_05_18_st_40,fhu_bid_tab_ralston_yukon_garrison_2021_02_05,Ralston_Rd_CDOT_reconciliation.xlsx,Bid Book + CDOT,92,18-ST-40,85,CDOT 240,CDOT,CDOT 240,WILDLIFE BIOLOGIST,240-00000,WILDLIFE BIOLOGIST,HR,HOUR,40.00,110.00,127.41,240-00000,matched,2021-02-05
fhu_ralston_yukon_garrison_20210205_row_0093,fhu_bid_tab_ralston_yukon_garrison_2021_02_05_18_st_40,fhu_bid_tab_ralston_yukon_garrison_2021_02_05,Ralston_Rd_CDOT_reconciliation.xlsx,Bid Book + CDOT,93,18-ST-40,86,CDOT 240,CDOT,CDOT 240,REMOVAL OF NESTS,240-00010,REMOVAL OF NESTS,HR,HOUR,10.00,100.00,115.41,240-00010,matched,2021-02-05
fhu_ralston_yukon_garrison_20210205_row_0094,fhu_bid_tab_ralston_yukon_garrison_2021_02_05_18_st_40,fhu_bid_tab_ralston_yukon_garrison_2021_02_05,Ralston_Rd_CDOT_reconciliation.xlsx,Bid Book + CDOT,94,18-ST-40,87,CDOT 240,CDOT,CDOT 240,NETTING (MIGRATORY BIRDS),240-00020,NETTING (MIGRATORY BIRDS),SY,SY,20.00,30.00,30.08,240-00020,matched,2021-02-05
fhu_ralston_yukon_garrison_20210205_row_0095,fhu_bid_tab_ralston_yukon_garrison_2021_02_05_18_st_40,fhu_bid_tab_ralston_yukon_garrison_2021_02_05,Ralston_Rd_CDOT_reconciliation.xlsx,Bid Book + CDOT,95,18-ST-40,88,CDOT 250,CDOT,CDOT 250,ENVIRONMENTAL HEALTH AND SAFETY,250-00010,ENVIRONMENTAL HEALTH AND SAFETY,LS,L S,1.00,5000.00,11689.35,250-00010,matched,2021-02-05
fhu_ralston_yukon_garrison_20210205_row_0096,fhu_bid_tab_ralston_yukon_garrison_2021_02_05_18_st_40,fhu_bid_tab_ralston_yukon_garrison_2021_02_05,Ralston_Rd_CDOT_reconciliation.xlsx,Bid Book + CDOT,96,18-ST-40,89,COA 3.37,COA,COA 3.37,AGGREGATE BASE COURSE (CLASS 6),304-06007,AGGREGATE BASE COURSE (CLASS 6),CY,CY,11319.00,45.00,52.51,304-06007,matched,2021-02-05
fhu_ralston_yukon_garrison_20210205_row_0097,fhu_bid_tab_ralston_yukon_garrison_2021_02_05_18_st_40,fhu_bid_tab_ralston_yukon_garrison_2021_02_05,Ralston_Rd_CDOT_reconciliation.xlsx,Bid Book + CDOT,97,18-ST-40,90,COA 3.37,COA,COA 3.37,HOT MIX ASPHALT (GRADING S)(100)(PG 64-22),403-33801,HOT MIX ASPHALT (GRADING S)(100)(PG 64-22),TON,TON,13091.00,85.00,73.49,403-33801,matched,2021-02-05
fhu_ralston_yukon_garrison_20210205_row_0098,fhu_bid_tab_ralston_yukon_garrison_2021_02_05_18_st_40,fhu_bid_tab_ralston_yukon_garrison_2021_02_05,Ralston_Rd_CDOT_reconciliation.xlsx,Bid Book + CDOT,98,18-ST-40,91,COA 3.37,COA,COA 3.37,HOT MIX ASPHALT (GRADING SX)(100)(PG 76-28),403-34801,HOT MIX ASPHALT (GRADING SX)(100)(PG 76-28),TON,TON,4707.00,100.00,86.32,403-34801,matched,2021-02-05
fhu_ralston_yukon_garrison_20210205_row_0099,fhu_bid_tab_ralston_yukon_garrison_2021_02_05_18_st_40,fhu_bid_tab_ralston_yukon_garrison_2021_02_05,Ralston_Rd_CDOT_reconciliation.xlsx,Bid Book + CDOT,99,18-ST-40,92,COA 11.8,COA,COA 11.8,HOT MIX ASPHALT (PATCHING),403-00720,HOT MIX ASPHALT (PATCHING),TON,TON,388.00,120.00,157.80,403-00720,matched,2021-02-05
fhu_ralston_yukon_garrison_20210205_row_0100,fhu_bid_tab_ralston_yukon_garrison_2021_02_05_18_st_40,fhu_bid_tab_ralston_yukon_garrison_2021_02_05,Ralston_Rd_CDOT_reconciliation.xlsx,Bid Book + CDOT,100,18-ST-40,93,COA 3.38,COA,COA 3.38,EMULSIFIED ASPHALT (SLOW-SETTING),411-10255,EMULSIFIED ASPHALT (SLOW-SETTING),GAL,GAL,3215.00,4.00,3.54,411-10255,matched,2021-02-05
fhu_ralston_yukon_garrison_20210205_row_0101,fhu_bid_tab_ralston_yukon_garrison_2021_02_05_18_st_40,fhu_bid_tab_ralston_yukon_garrison_2021_02_05,Ralston_Rd_CDOT_reconciliation.xlsx,Bid Book + CDOT,101,18-ST-40,94,COA 3.21,COA,COA 3.21,CONCRETE PAVEMENT (6 INCH),412-00600,CONCRETE PAVEMENT (6 INCH),SY,SY,223.00,45.00,94.29,412-00600,matched,2021-02-05
fhu_ralston_yukon_garrison_20210205_row_0102,fhu_bid_tab_ralston_yukon_garrison_2021_02_05_18_st_40,fhu_bid_tab_ralston_yukon_garrison_2021_02_05,Ralston_Rd_CDOT_reconciliation.xlsx,Bid Book + CDOT,102,18-ST-40,95,COA 3.21,COA,COA 3.21,CONCRETE BUS PAD (11 INCH),412-01100,CONCRETE BUS PAD (11 INCH),SY,SY,327.00,85.00,132.96,412-01100,matched,2021-02-05
fhu_ralston_yukon_garrison_20210205_row_0103,fhu_bid_tab_ralston_yukon_garrison_2021_02_05_18_st_40,fhu_bid_tab_ralston_yukon_garrison_2021_02_05,Ralston_Rd_CDOT_reconciliation.xlsx,Bid Book + CDOT,103,18-ST-40,96,COA 3.29,COA,COA 3.29,DRILLED CAISSON (18 INCH),503-00018,DRILLED CAISSON (18 INCH),LF,LF,20.00,215.00,234.93,503-00018,matched,2021-02-05
fhu_ralston_yukon_garrison_20210205_row_0104,fhu_bid_tab_ralston_yukon_garrison_2021_02_05_18_st_40,fhu_bid_tab_ralston_yukon_garrison_2021_02_05,Ralston_Rd_CDOT_reconciliation.xlsx,Bid Book + CDOT,104,18-ST-40,97,COA 3.29,COA,COA 3.29,DRILLED CAISSON (36 INCH),503-00036,DRILLED CAISSON (36 INCH),LF,LF,194.00,375.00,475.39,503-00036,matched,2021-02-05
fhu_ralston_yukon_garrison_20210205_row_0105,fhu_bid_tab_ralston_yukon_garrison_2021_02_05_18_st_40,fhu_bid_tab_ralston_yukon_garrison_2021_02_05,Ralston_Rd_CDOT_reconciliation.xlsx,Bid Book + CDOT,105,18-ST-40,98,COA 3.40,COA,COA 3.40,CONCRETE SLOPE AND DITCH PAVING (4 INCH),507-00000,CONCRETE SLOPE AND DITCH PAVING (4 INCH),CY,CY,6.00,650.00,888.13,507-00000,matched,2021-02-05
fhu_ralston_yukon_garrison_20210205_row_0106,fhu_bid_tab_ralston_yukon_garrison_2021_02_05_18_st_40,fhu_bid_tab_ralston_yukon_garrison_2021_02_05,Ralston_Rd_CDOT_reconciliation.xlsx,Bid Book + CDOT,106,18-ST-40,99,COA 3.11,COA,COA 3.11,HIGH PERFORMANCE POLYPROPYLENE PIPE (COMPLETE IN PLACE) (6 INCH),603-50106,HIGH PERFORMANCE POLYPROPYLENE PIPE (COMPLETE IN PLACE) (6 INCH),LF,LF,83.00,60.00,141.87,603-50106,matched,2021-02-05
fhu_ralston_yukon_garrison_20210205_row_0107,fhu_bid_tab_ralston_yukon_garrison_2021_02_05_18_st_40,fhu_bid_tab_ralston_yukon_garrison_2021_02_05,Ralston_Rd_CDOT_reconciliation.xlsx,Bid Book + CDOT,107,18-ST-40,100,COA 3.11,COA,COA 3.11,HIGH PERFORMANCE POLYPROPYLENE PIPE (COMPLETE IN PLACE) (12 INCH),624-20013,HIGH PERFORMANCE POLYPROPYLENE PIPE (COMPLETE IN PLACE) (12 INCH),LF,LF,247.00,70.00,163.35,624-20013,matched,2021-02-05
fhu_ralston_yukon_garrison_20210205_row_0108,fhu_bid_tab_ralston_yukon_garrison_2021_02_05_18_st_40,fhu_bid_tab_ralston_yukon_garrison_2021_02_05,Ralston_Rd_CDOT_reconciliation.xlsx,Bid Book + CDOT,108,18-ST-40,101,COA 3.11,COA,COA 3.11,HIGH PERFORMANCE POLYPROPYLENE PIPE (COMPLETE IN PLACE) (15 INCH),624-20016,HIGH PERFORMANCE POLYPROPYLENE PIPE (COMPLETE IN PLACE) (15 INCH),LF,LF,210.00,80.00,160.93,624-20016,matched,2021-02-05
fhu_ralston_yukon_garrison_20210205_row_0109,fhu_bid_tab_ralston_yukon_garrison_2021_02_05_18_st_40,fhu_bid_tab_ralston_yukon_garrison_2021_02_05,Ralston_Rd_CDOT_reconciliation.xlsx,Bid Book + CDOT,109,18-ST-40,102,COA 3.11,COA,COA 3.11,HIGH PERFORMANCE POLYPROPYLENE PIPE (COMPLETE IN PLACE) (18 INCH),624-20019,HIGH PERFORMANCE POLYPROPYLENE PIPE (COMPLETE IN PLACE) (18 INCH),LF,LF,1276.00,90.00,156.13,624-20019,matched,2021-02-05
fhu_ralston_yukon_garrison_20210205_row_0110,fhu_bid_tab_ralston_yukon_garrison_2021_02_05_18_st_40,fhu_bid_tab_ralston_yukon_garrison_2021_02_05,Ralston_Rd_CDOT_reconciliation.xlsx,Bid Book + CDOT,110,18-ST-40,103,COA 3.22,COA,COA 3.22,INLET TYPE 13 (5 FOOT),604-13005,INLET TYPE 13 (5 FOOT),EA,EACH,1.00,4000.00,5552.73,604-13005,matched,2021-02-05
fhu_ralston_yukon_garrison_20210205_row_0111,fhu_bid_tab_ralston_yukon_garrison_2021_02_05_18_st_40,fhu_bid_tab_ralston_yukon_garrison_2021_02_05,Ralston_Rd_CDOT_reconciliation.xlsx,Bid Book + CDOT,111,18-ST-40,104,COA 3.22,COA,COA 3.22,INLET TYPE C (5 FOOT),604-00305,INLET TYPE C (5 FOOT),EA,EACH,1.00,4000.00,4946.64,604-00305,matched,2021-02-05
fhu_ralston_yukon_garrison_20210205_row_0112,fhu_bid_tab_ralston_yukon_garrison_2021_02_05_18_st_40,fhu_bid_tab_ralston_yukon_garrison_2021_02_05,Ralston_Rd_CDOT_reconciliation.xlsx,Bid Book + CDOT,112,18-ST-40,105,COA 3.22,COA,COA 3.22,INLET TYPE 16 (5 FOOT),604-16005,INLET TYPE 16 (5 FOOT),EA,EACH,16.00,7000.00,5813.25,604-16005,matched,2021-02-05
fhu_ralston_yukon_garrison_20210205_row_0113,fhu_bid_tab_ralston_yukon_garrison_2021_02_05_18_st_40,fhu_bid_tab_ralston_yukon_garrison_2021_02_05,Ralston_Rd_CDOT_reconciliation.xlsx,Bid Book + CDOT,113,18-ST-40,106,COA 3.22,COA,COA 3.22,INLET TYPE 16 (10 FOOT),604-16010,INLET TYPE 16 (10 FOOT),EA,EACH,1.00,12000.00,8104.84,604-16010,matched,2021-02-05
fhu_ralston_yukon_garrison_20210205_row_0114,fhu_bid_tab_ralston_yukon_garrison_2021_02_05_18_st_40,fhu_bid_tab_ralston_yukon_garrison_2021_02_05,Ralston_Rd_CDOT_reconciliation.xlsx,Bid Book + CDOT,114,18-ST-40,107,COA 3.22,COA,COA 3.22,INLET TYPE 16 (DOUBLE) (5 FOOT),604-16005,INLET TYPE 16 (DOUBLE) (5 FOOT),EA,EACH,2.00,12000.00,8960.77,604-16005,matched,2021-02-05
fhu_ralston_yukon_garrison_20210205_row_0115,fhu_bid_tab_ralston_yukon_garrison_2021_02_05_18_st_40,fhu_bid_tab_ralston_yukon_garrison_2021_02_05,Ralston_Rd_CDOT_reconciliation.xlsx,Bid Book + CDOT,115,18-ST-40,108,COA 3.22,COA,COA 3.22,INLET TYPE 16 (TRIPLE) (5 FOOT),604-16005,INLET TYPE 16 (TRIPLE) (5 FOOT),EA,EACH,5.00,15000.00,11926.49,604-16005,matched,2021-02-05
fhu_ralston_yukon_garrison_20210205_row_0116,fhu_bid_tab_ralston_yukon_garrison_2021_02_05_18_st_40,fhu_bid_tab_ralston_yukon_garrison_2021_02_05,Ralston_Rd_CDOT_reconciliation.xlsx,Bid Book + CDOT,116,18-ST-40,109,COA 3.22,COA,COA 3.22,INLET TYPE 16 (DOUBLE) (SPECIAL) (5 FOOT),604-14005,INLET TYPE 16 (DOUBLE) (SPECIAL) (5 FOOT),EA,EACH,3.00,15000.00,16225.21,604-14005,matched,2021-02-05
fhu_ralston_yukon_garrison_20210205_row_0117,fhu_bid_tab_ralston_yukon_garrison_2021_02_05_18_st_40,fhu_bid_tab_ralston_yukon_garrison_2021_02_05,Ralston_Rd_CDOT_reconciliation.xlsx,Bid Book + CDOT,117,18-ST-40,110,COA 3.22,COA,COA 3.22,INLET TYPE R L 5 (5 FOOT),604-19105,INLET TYPE R L 5 (5 FOOT),EA,EACH,2.00,5000.00,6579.28,604-19105,matched,2021-02-05
fhu_ralston_yukon_garrison_20210205_row_0118,fhu_bid_tab_ralston_yukon_garrison_2021_02_05_18_st_40,fhu_bid_tab_ralston_yukon_garrison_2021_02_05,Ralston_Rd_CDOT_reconciliation.xlsx,Bid Book + CDOT,118,18-ST-40,111,COA 3.22,COA,COA 3.22,INLET TYPE R L 10 (5 FOOT),604-19105,INLET TYPE R L 10 (5 FOOT),EA,EACH,1.00,5500.00,9988.38,604-19105,matched,2021-02-05
fhu_ralston_yukon_garrison_20210205_row_0119,fhu_bid_tab_ralston_yukon_garrison_2021_02_05_18_st_40,fhu_bid_tab_ralston_yukon_garrison_2021_02_05,Ralston_Rd_CDOT_reconciliation.xlsx,Bid Book + CDOT,119,18-ST-40,112,COA 3.22,COA,COA 3.22,INLET TYPE R L 10 (10 FOOT),604-19110,INLET TYPE R L 10 (10 FOOT),EA,EACH,1.00,10000.00,13275.62,604-19110,matched,2021-02-05
fhu_ralston_yukon_garrison_20210205_row_0120,fhu_bid_tab_ralston_yukon_garrison_2021_02_05_18_st_40,fhu_bid_tab_ralston_yukon_garrison_2021_02_05,Ralston_Rd_CDOT_reconciliation.xlsx,Bid Book + CDOT,120,18-ST-40,113,COA 25.2.6,COA,COA 25.2.6,MANHOLE SLAB BASE (5 FOOT),604-30005,MANHOLE SLAB BASE (5 FOOT),EA,EACH,10.00,6000.00,5871.61,604-30005,matched,2021-02-05
fhu_ralston_yukon_garrison_20210205_row_0121,fhu_bid_tab_ralston_yukon_garrison_2021_02_05_18_st_40,fhu_bid_tab_ralston_yukon_garrison_2021_02_05,Ralston_Rd_CDOT_reconciliation.xlsx,Bid Book + CDOT,121,18-ST-40,114,COA 25.2.6,COA,COA 25.2.6,MANHOLE SLAB BASE (10 FOOT),604-30010,MANHOLE SLAB BASE (10 FOOT),EA,EACH,1.00,12000.00,9883.36,604-30010,matched,2021-02-05
fhu_ralston_yukon_garrison_20210205_row_0122,fhu_bid_tab_ralston_yukon_garrison_2021_02_05_18_st_40,fhu_bid_tab_ralston_yukon_garrison_2021_02_05,Ralston_Rd_CDOT_reconciliation.xlsx,Bid Book + CDOT,122,18-ST-40,115,COA 25.2.6,COA,COA 25.2.6,MANHOLE BOX BASE (5 FOOT),604-31005,MANHOLE BOX BASE (5 FOOT),EA,EACH,5.00,8000.00,10222.32,604-31005,matched,2021-02-05
fhu_ralston_yukon_garrison_20210205_row_0123,fhu_bid_tab_ralston_yukon_garrison_2021_02_05_18_st_40,fhu_bid_tab_ralston_yukon_garrison_2021_02_05,Ralston_Rd_CDOT_reconciliation.xlsx,Bid Book + CDOT,123,18-ST-40,116,COA 3.11,COA,COA 3.11,4 INCH PVC PIPE,619-50320,4 INCH PVC PIPE,LF,LF,45.00,100.00,140.11,619-50320,matched,2021-02-05
fhu_ralston_yukon_garrison_20210205_row_0124,fhu_bid_tab_ralston_yukon_garrison_2021_02_05_18_st_40,fhu_bid_tab_ralston_yukon_garrison_2021_02_05,Ralston_Rd_CDOT_reconciliation.xlsx,Bid Book + CDOT,124,18-ST-40,117,COA 3.11,COA,COA 3.11,6 INCH PVC PIPE,619-50480,6 INCH PVC PIPE,LF,LF,86.00,95.00,154.64,619-50480,matched,2021-02-05
fhu_ralston_yukon_garrison_20210205_row_0125,fhu_bid_tab_ralston_yukon_garrison_2021_02_05_18_st_40,fhu_bid_tab_ralston_yukon_garrison_2021_02_05,Ralston_Rd_CDOT_reconciliation.xlsx,Bid Book + CDOT,125,18-ST-40,118,COA 3.11,COA,COA 3.11,8 INCH PVC PIPE,619-50640,8 INCH PVC PIPE,LF,LF,502.00,80.00,134.49,619-50640,matched,2021-02-05
fhu_ralston_yukon_garrison_20210205_row_0126,fhu_bid_tab_ralston_yukon_garrison_2021_02_05_18_st_40,fhu_bid_tab_ralston_yukon_garrison_2021_02_05,Ralston_Rd_CDOT_reconciliation.xlsx,Bid Book + CDOT,126,18-ST-40,119,COA 3.11,COA,COA 3.11,12 INCH PVC PIPE,619-50960,12 INCH PVC PIPE,LF,LF,1576.00,60.00,153.54,619-50960,matched,2021-02-05
fhu_ralston_yukon_garrison_20210205_row_0127,fhu_bid_tab_ralston_yukon_garrison_2021_02_05_18_st_40,fhu_bid_tab_ralston_yukon_garrison_2021_02_05,Ralston_Rd_CDOT_reconciliation.xlsx,Bid Book + CDOT,127,18-ST-40,120,COA 3.11,COA,COA 3.11,12 INCH FUSIBLE C900 PVC PIPE,619-50962,12 INCH FUSIBLE C900 PVC PIPE,LF,LF,416.00,100.00,200.34,619-50962,matched,2021-02-05
fhu_ralston_yukon_garrison_20210205_row_0128,fhu_bid_tab_ralston_yukon_garrison_2021_02_05_18_st_40,fhu_bid_tab_ralston_yukon_garrison_2021_02_05,Ralston_Rd_CDOT_reconciliation.xlsx,Bid Book + CDOT,128,18-ST-40,121,COA 3.7,COA,COA 3.7,PERMANENT PLUG,619-77210,PERMANENT PLUG,EA,EACH,1.00,2200.00,1090.10,619-77210,matched,2021-02-05
fhu_ralston_yukon_garrison_20210205_row_0129,fhu_bid_tab_ralston_yukon_garrison_2021_02_05_18_st_40,fhu_bid_tab_ralston_yukon_garrison_2021_02_05,Ralston_Rd_CDOT_reconciliation.xlsx,Bid Book + CDOT,129,18-ST-40,122,COA 3.13,COA,COA 3.13,CONNECT TO EXISTING,619-00007,CONNECT TO EXISTING,EA,EACH,21.00,2500.00,4555.04,619-00007,matched,2021-02-05
fhu_ralston_yukon_garrison_20210205_row_0130,fhu_bid_tab_ralston_yukon_garrison_2021_02_05_18_st_40,fhu_bid_tab_ralston_yukon_garrison_2021_02_05,Ralston_Rd_CDOT_reconciliation.xlsx,Bid Book + CDOT,130,18-ST-40,123,COA 3.14,COA,COA 3.14,CHLORINATION AND PRESSURE TEST,,CHLORINATION AND PRESSURE TEST,EA,EACH,2.00,2000.00,4066.24,,unmatched,2021-02-05
fhu_ralston_yukon_garrison_20210205_row_0131,fhu_bid_tab_ralston_yukon_garrison_2021_02_05_18_st_40,fhu_bid_tab_ralston_yukon_garrison_2021_02_05,Ralston_Rd_CDOT_reconciliation.xlsx,Bid Book + CDOT,131,18-ST-40,124,COA 3.28,COA,COA 3.28,INSTALL WATER METER (3/4 INCH),619-00001,INSTALL WATER METER (3/4 INCH),EA,EACH,19.00,2000.00,3091.10,619-00001,matched,2021-02-05
fhu_ralston_yukon_garrison_20210205_row_0132,fhu_bid_tab_ralston_yukon_garrison_2021_02_05_18_st_40,fhu_bid_tab_ralston_yukon_garrison_2021_02_05,Ralston_Rd_CDOT_reconciliation.xlsx,Bid Book + CDOT,132,18-ST-40,125,COA 3.13,COA,COA 3.13,TAP MAIN & INSTALL CORP STOP (3/4 INCH),619-77300,TAP MAIN & INSTALL CORP STOP (3/4 INCH),EA,EACH,2.00,2000.00,2956.99,619-77300,matched,2021-02-05
fhu_ralston_yukon_garrison_20210205_row_0133,fhu_bid_tab_ralston_yukon_garrison_2021_02_05_18_st_40,fhu_bid_tab_ralston_yukon_garrison_2021_02_05,Ralston_Rd_CDOT_reconciliation.xlsx,Bid Book + CDOT,133,18-ST-40,126,COA 3.13,COA,COA 3.13,RECONNECT WATER SERVICE (3/4 INCH),619-00002,RECONNECT WATER SERVICE (3/4 INCH),EA,EACH,18.00,500.00,2035.09,619-00002,matched,2021-02-05
fhu_ralston_yukon_garrison_20210205_row_0134,fhu_bid_tab_ralston_yukon_garrison_2021_02_05_18_st_40,fhu_bid_tab_ralston_yukon_garrison_2021_02_05,Ralston_Rd_CDOT_reconciliation.xlsx,Bid Book + CDOT,134,18-ST-40,127,COA 3.28,COA,COA 3.28,INSTALL WATER METER (1 INCH),619-00001,INSTALL WATER METER (1 INCH),EA,EACH,5.00,2000.00,3193.73,619-00001,matched,2021-02-05
fhu_ralston_yukon_garrison_20210205_row_0135,fhu_bid_tab_ralston_yukon_garrison_2021_02_05_18_st_40,fhu_bid_tab_ralston_yukon_garrison_2021_02_05,Ralston_Rd_CDOT_reconciliation.xlsx,Bid Book + CDOT,135,18-ST-40,128,COA 3.13,COA,COA 3.13,RECONNECT WATER SERVICE (1 INCH),619-00002,RECONNECT WATER SERVICE (1 INCH),EA,EACH,5.00,2000.00,2234.19,619-00002,matched,2021-02-05
fhu_ralston_yukon_garrison_20210205_row_0136,fhu_bid_tab_ralston_yukon_garrison_2021_02_05_18_st_40,fhu_bid_tab_ralston_yukon_garrison_2021_02_05,Ralston_Rd_CDOT_reconciliation.xlsx,Bid Book + CDOT,136,18-ST-40,129,COA 3.28,COA,COA 3.28,INSTALL WATER METER (1.5 INCH),619-00001,INSTALL WATER METER (1.5 INCH),EA,EACH,1.00,2000.00,9987.75,619-00001,matched,2021-02-05
fhu_ralston_yukon_garrison_20210205_row_0137,fhu_bid_tab_ralston_yukon_garrison_2021_02_05_18_st_40,fhu_bid_tab_ralston_yukon_garrison_2021_02_05,Ralston_Rd_CDOT_reconciliation.xlsx,Bid Book + CDOT,137,18-ST-40,130,COA 3.13,COA,COA 3.13,RECONNECT WATER SERVICE (1.5 INCH),619-00002,RECONNECT WATER SERVICE (1.5 INCH),EA,EACH,1.00,2000.00,2580.78,619-00002,matched,2021-02-05
fhu_ralston_yukon_garrison_20210205_row_0138,fhu_bid_tab_ralston_yukon_garrison_2021_02_05_18_st_40,fhu_bid_tab_ralston_yukon_garrison_2021_02_05,Ralston_Rd_CDOT_reconciliation.xlsx,Bid Book + CDOT,138,18-ST-40,131,COA 115,COA,COA 115,FIRE SPRINKLER FLOW TEST,,FIRE SPRINKLER FLOW TEST,EA,EACH,1.00,2000.00,3518.38,,unmatched,2021-02-05
fhu_ralston_yukon_garrison_20210205_row_0139,fhu_bid_tab_ralston_yukon_garrison_2021_02_05_18_st_40,fhu_bid_tab_ralston_yukon_garrison_2021_02_05,Ralston_Rd_CDOT_reconciliation.xlsx,Bid Book + CDOT,139,18-ST-40,132,COA 3.32,COA,COA 3.32,FENCE (PLASTIC),607-11525,FENCE (PLASTIC),LF,LF,15000.00,5.00,2.89,607-11525,matched,2021-02-05
fhu_ralston_yukon_garrison_20210205_row_0140,fhu_bid_tab_ralston_yukon_garrison_2021_02_05_18_st_40,fhu_bid_tab_ralston_yukon_garrison_2021_02_05,Ralston_Rd_CDOT_reconciliation.xlsx,Bid Book + CDOT,140,18-ST-40,133,COA 3.21,COA,COA 3.21,CONCRETE SIDEWALK (6 INCH),608-00000,CONCRETE SIDEWALK (6 INCH),SY,SY,6207.00,65.00,65.23,608-00000,matched,2021-02-05
fhu_ralston_yukon_garrison_20210205_row_0141,fhu_bid_tab_ralston_yukon_garrison_2021_02_05_18_st_40,fhu_bid_tab_ralston_yukon_garrison_2021_02_05,Ralston_Rd_CDOT_reconciliation.xlsx,Bid Book + CDOT,141,18-ST-40,134,COA 3.21,COA,COA 3.21,CONCRETE SIDEWALK (SPECIAL)(TYPE 1),608-00000,CONCRETE SIDEWALK (SPECIAL)(TYPE 1),SY,SY,1274.00,90.00,79.99,608-00000,matched,2021-02-05
fhu_ralston_yukon_garrison_20210205_row_0142,fhu_bid_tab_ralston_yukon_garrison_2021_02_05_18_st_40,fhu_bid_tab_ralston_yukon_garrison_2021_02_05,Ralston_Rd_CDOT_reconciliation.xlsx,Bid Book + CDOT,142,18-ST-40,135,COA 3.21,COA,COA 3.21,CONCRETE SIDEWALK (SPECIAL)(TYPE 2),608-00000,CONCRETE SIDEWALK (SPECIAL)(TYPE 2),SY,SY,760.00,150.00,107.18,608-00000,matched,2021-02-05
fhu_ralston_yukon_garrison_20210205_row_0143,fhu_bid_tab_ralston_yukon_garrison_2021_02_05_18_st_40,fhu_bid_tab_ralston_yukon_garrison_2021_02_05,Ralston_Rd_CDOT_reconciliation.xlsx,Bid Book + CDOT,143,18-ST-40,136,COA 3.21,COA,COA 3.21,CONCRETE CURB RAMP,608-00010,CONCRETE CURB RAMP,SY,SY,856.00,200.00,192.85,608-00010,matched,2021-02-05
fhu_ralston_yukon_garrison_20210205_row_0144,fhu_bid_tab_ralston_yukon_garrison_2021_02_05_18_st_40,fhu_bid_tab_ralston_yukon_garrison_2021_02_05,Ralston_Rd_CDOT_reconciliation.xlsx,Bid Book + CDOT,144,18-ST-40,137,COA 3.21,COA,COA 3.21,CONCRETE CURB RAMP (SPECIAL),608-00010,CONCRETE CURB RAMP (SPECIAL),SY,SY,498.00,230.00,227.15,608-00010,matched,2021-02-05
fhu_ralston_yukon_garrison_20210205_row_0145,fhu_bid_tab_ralston_yukon_garrison_2021_02_05_18_st_40,fhu_bid_tab_ralston_yukon_garrison_2021_02_05,Ralston_Rd_CDOT_reconciliation.xlsx,Bid Book + CDOT,145,18-ST-40,138,COA 3.21,COA,COA 3.21,DRIVEWAY (6 INCH CONCRETE),412-00600,DRIVEWAY (6 INCH CONCRETE),SY,SY,916.00,70.00,76.68,412-00600,matched,2021-02-05
fhu_ralston_yukon_garrison_20210205_row_0146,fhu_bid_tab_ralston_yukon_garrison_2021_02_05_18_st_40,fhu_bid_tab_ralston_yukon_garrison_2021_02_05,Ralston_Rd_CDOT_reconciliation.xlsx,Bid Book + CDOT,146,18-ST-40,139,COA 3.21,COA,COA 3.21,MOUNTABLE CURB AND SIDEWALK,609-22022,MOUNTABLE CURB AND SIDEWALK,SY,SY,27.00,45.00,87.72,609-22022,matched,2021-02-05
fhu_ralston_yukon_garrison_20210205_row_0147,fhu_bid_tab_ralston_yukon_garrison_2021_02_05_18_st_40,fhu_bid_tab_ralston_yukon_garrison_2021_02_05,Ralston_Rd_CDOT_reconciliation.xlsx,Bid Book + CDOT,147,18-ST-40,140,COA 3.21,COA,COA 3.21,CURB AND GUTTER (SPECIAL),609-20004,CURB AND GUTTER (SPECIAL),LF,LF,895.00,32.00,35.89,609-20004,matched,2021-02-05
fhu_ralston_yukon_garrison_20210205_row_0148,fhu_bid_tab_ralston_yukon_garrison_2021_02_05_18_st_40,fhu_bid_tab_ralston_yukon_garrison_2021_02_05,Ralston_Rd_CDOT_reconciliation.xlsx,Bid Book + CDOT,148,18-ST-40,141,COA 3.21,COA,COA 3.21,"COA 6"" VERTICAL CURB AND 1' GUTTER",609-21010,"COA 6"" VERTICAL CURB AND 1' GUTTER",LF,LF,1438.00,28.00,30.55,609-21010,matched,2021-02-05
fhu_ralston_yukon_garrison_20210205_row_0149,fhu_bid_tab_ralston_yukon_garrison_2021_02_05_18_st_40,fhu_bid_tab_ralston_yukon_garrison_2021_02_05,Ralston_Rd_CDOT_reconciliation.xlsx,Bid Book + CDOT,149,18-ST-40,142,COA 3.21,COA,COA 3.21,"COA 6"" VERTICAL CURB AND 2' GUTTER",609-21020,"COA 6"" VERTICAL CURB AND 2' GUTTER",LF,LF,10136.00,34.00,30.00,609-21020,matched,2021-02-05
fhu_ralston_yukon_garrison_20210205_row_0150,fhu_bid_tab_ralston_yukon_garrison_2021_02_05_18_st_40,fhu_bid_tab_ralston_yukon_garrison_2021_02_05,Ralston_Rd_CDOT_reconciliation.xlsx,Bid Book + CDOT,150,18-ST-40,143,COA 3.21,COA,COA 3.21,VALLEY GUTTER,,VALLEY GUTTER,SY,SY,995.00,45.00,106.24,,unmatched,2021-02-05
fhu_ralston_yukon_garrison_20210205_row_0151,fhu_bid_tab_ralston_yukon_garrison_2021_02_05_18_st_40,fhu_bid_tab_ralston_yukon_garrison_2021_02_05,Ralston_Rd_CDOT_reconciliation.xlsx,Bid Book + CDOT,151,18-ST-40,144,COA 3.22,COA,COA 3.22,BI-LEVEL SIDEWALK,,BI-LEVEL SIDEWALK,LS,L S,1.00,15000.00,51803.40,,unmatched,2021-02-05
fhu_ralston_yukon_garrison_20210205_row_0152,fhu_bid_tab_ralston_yukon_garrison_2021_02_05_18_st_40,fhu_bid_tab_ralston_yukon_garrison_2021_02_05,Ralston_Rd_CDOT_reconciliation.xlsx,Bid Book + CDOT,152,18-ST-40,145,COA 3.22,COA,COA 3.22,WALL (TYPE 1),,WALL (TYPE 1),LF,LF,97.00,150.00,182.04,,unmatched,2021-02-05
fhu_ralston_yukon_garrison_20210205_row_0153,fhu_bid_tab_ralston_yukon_garrison_2021_02_05_18_st_40,fhu_bid_tab_ralston_yukon_garrison_2021_02_05,Ralston_Rd_CDOT_reconciliation.xlsx,Bid Book + CDOT,153,18-ST-40,146,COA 3.22,COA,COA 3.22,WALL (TYPE 2),,WALL (TYPE 2),LF,LF,25.00,150.00,191.15,,unmatched,2021-02-05
fhu_ralston_yukon_garrison_20210205_row_0154,fhu_bid_tab_ralston_yukon_garrison_2021_02_05_18_st_40,fhu_bid_tab_ralston_yukon_garrison_2021_02_05,Ralston_Rd_CDOT_reconciliation.xlsx,Bid Book + CDOT,154,18-ST-40,147,COA 3.21,COA,COA 3.21,CONCRETE SPLASH PAN (14 INCH),,CONCRETE SPLASH PAN (14 INCH),LF,LF,1380.00,100.00,34.71,,unmatched,2021-02-05
fhu_ralston_yukon_garrison_20210205_row_0155,fhu_bid_tab_ralston_yukon_garrison_2021_02_05_18_st_40,fhu_bid_tab_ralston_yukon_garrison_2021_02_05,Ralston_Rd_CDOT_reconciliation.xlsx,Bid Book + CDOT,155,18-ST-40,148,COA 3.21,COA,COA 3.21,CONCRETE EDGING,610-00100,CONCRETE EDGING,LF,LF,120.00,20.00,28.39,610-00100,matched,2021-02-05
fhu_ralston_yukon_garrison_20210205_row_0156,fhu_bid_tab_ralston_yukon_garrison_2021_02_05_18_st_40,fhu_bid_tab_ralston_yukon_garrison_2021_02_05,Ralston_Rd_CDOT_reconciliation.xlsx,Bid Book + CDOT,156,18-ST-40,149,CDOT 613,CDOT,CDOT 613,2 INCH ELECTRICAL CONDUIT (BORED),613-00200,2 INCH ELECTRICAL CONDUIT (BORED),LF,LF,4485.00,30.00,12.21,613-00200,matched,2021-02-05
fhu_ralston_yukon_garrison_20210205_row_0157,fhu_bid_tab_ralston_yukon_garrison_2021_02_05_18_st_40,fhu_bid_tab_ralston_yukon_garrison_2021_02_05,Ralston_Rd_CDOT_reconciliation.xlsx,Bid Book + CDOT,157,18-ST-40,150,CDOT 613,CDOT,CDOT 613,3 INCH ELECTRICAL CONDUIT (BORED),613-00300,3 INCH ELECTRICAL CONDUIT (BORED),LF,LF,2190.00,30.00,13.43,613-00300,matched,2021-02-05
fhu_ralston_yukon_garrison_20210205_row_0158,fhu_bid_tab_ralston_yukon_garrison_2021_02_05_18_st_40,fhu_bid_tab_ralston_yukon_garrison_2021_02_05,Ralston_Rd_CDOT_reconciliation.xlsx,Bid Book + CDOT,158,18-ST-40,151,CDOT 613,CDOT,CDOT 613,1 INCH ELECTRICAL CONDUIT (PLASTIC),613-00100,1 INCH ELECTRICAL CONDUIT (PLASTIC),LF,LF,195.00,18.00,6.63,613-00100,matched,2021-02-05
fhu_ralston_yukon_garrison_20210205_row_0159,fhu_bid_tab_ralston_yukon_garrison_2021_02_05_18_st_40,fhu_bid_tab_ralston_yukon_garrison_2021_02_05,Ralston_Rd_CDOT_reconciliation.xlsx,Bid Book + CDOT,159,18-ST-40,152,CDOT 613,CDOT,CDOT 613,2 INCH ELECTRICAL CONDUIT (PLASTIC),613-00200,2 INCH ELECTRICAL CONDUIT (PLASTIC),LF,LF,15740.00,25.00,12.22,613-00200,matched,2021-02-05
fhu_ralston_yukon_garrison_20210205_row_0160,fhu_bid_tab_ralston_yukon_garrison_2021_02_05_18_st_40,fhu_bid_tab_ralston_yukon_garrison_2021_02_05,Ralston_Rd_CDOT_reconciliation.xlsx,Bid Book + CDOT,160,18-ST-40,153,CDOT 613,CDOT,CDOT 613,3 INCH ELECTRICAL CONDUIT (PLASTIC),613-00300,3 INCH ELECTRICAL CONDUIT (PLASTIC),LF,LF,740.00,30.00,13.43,613-00300,matched,2021-02-05
fhu_ralston_yukon_garrison_20210205_row_0161,fhu_bid_tab_ralston_yukon_garrison_2021_02_05_18_st_40,fhu_bid_tab_ralston_yukon_garrison_2021_02_05,Ralston_Rd_CDOT_reconciliation.xlsx,Bid Book + CDOT,161,18-ST-40,154,CDOT 613,CDOT,CDOT 613,PULL BOX (TYPE M),613-07001,PULL BOX (TYPE M),EA,EACH,1.00,1250.00,928.64,613-07001,matched,2021-02-05
fhu_ralston_yukon_garrison_20210205_row_0162,fhu_bid_tab_ralston_yukon_garrison_2021_02_05_18_st_40,fhu_bid_tab_ralston_yukon_garrison_2021_02_05,Ralston_Rd_CDOT_reconciliation.xlsx,Bid Book + CDOT,162,18-ST-40,155,CDOT 613,CDOT,CDOT 613,PULL BOX (TYPE LG),613-07001,PULL BOX (TYPE LG),EA,EACH,16.00,1500.00,1287.71,613-07001,matched,2021-02-05
fhu_ralston_yukon_garrison_20210205_row_0163,fhu_bid_tab_ralston_yukon_garrison_2021_02_05_18_st_40,fhu_bid_tab_ralston_yukon_garrison_2021_02_05,Ralston_Rd_CDOT_reconciliation.xlsx,Bid Book + CDOT,163,18-ST-40,156,CDOT 613,CDOT,CDOT 613,"PULL BOX (13""X20""X18"")",613-07050,"PULL BOX (13""X20""X18"")",EA,EACH,54.00,900.00,913.70,613-07050,matched,2021-02-05
fhu_ralston_yukon_garrison_20210205_row_0164,fhu_bid_tab_ralston_yukon_garrison_2021_02_05_18_st_40,fhu_bid_tab_ralston_yukon_garrison_2021_02_05,Ralston_Rd_CDOT_reconciliation.xlsx,Bid Book + CDOT,164,18-ST-40,157,CDOT 613,CDOT,CDOT 613,WIRING,613-10000,WIRING,LS,L S,1.00,50000.00,105404.37,613-10000,matched,2021-02-05
fhu_ralston_yukon_garrison_20210205_row_0165,fhu_bid_tab_ralston_yukon_garrison_2021_02_05_18_st_40,fhu_bid_tab_ralston_yukon_garrison_2021_02_05,Ralston_Rd_CDOT_reconciliation.xlsx,Bid Book + CDOT,165,18-ST-40,158,CDOT 613,CDOT,CDOT 613,LUMINAIRE (LED),613-13000,LUMINAIRE (LED),EA,EACH,13.00,1000.00,630.01,613-13000,matched,2021-02-05
fhu_ralston_yukon_garrison_20210205_row_0166,fhu_bid_tab_ralston_yukon_garrison_2021_02_05_18_st_40,fhu_bid_tab_ralston_yukon_garrison_2021_02_05,Ralston_Rd_CDOT_reconciliation.xlsx,Bid Book + CDOT,166,18-ST-40,159,CDOT 613,CDOT,CDOT 613,LIGHT STANDARD AND LUMINAIRE (PEDESTRIAN) (TYPE B),613-30005,LIGHT STANDARD AND LUMINAIRE (PEDESTRIAN) (TYPE B),EA,EACH,99.00,5000.00,5108.27,613-30005,matched,2021-02-05
fhu_ralston_yukon_garrison_20210205_row_0167,fhu_bid_tab_ralston_yukon_garrison_2021_02_05_18_st_40,fhu_bid_tab_ralston_yukon_garrison_2021_02_05,Ralston_Rd_CDOT_reconciliation.xlsx,Bid Book + CDOT,167,18-ST-40,160,CDOT 613,CDOT,CDOT 613,LIGHT STANDARD FOUNDATION,613-40010,LIGHT STANDARD FOUNDATION,EA,EACH,86.00,1000.00,1597.95,613-40010,matched,2021-02-05
fhu_ralston_yukon_garrison_20210205_row_0168,fhu_bid_tab_ralston_yukon_garrison_2021_02_05_18_st_40,fhu_bid_tab_ralston_yukon_garrison_2021_02_05,Ralston_Rd_CDOT_reconciliation.xlsx,Bid Book + CDOT,168,18-ST-40,161,CDOT 613,CDOT,CDOT 613,LIGHT STANDARD FOUNDATION (SPECIAL),613-40010,LIGHT STANDARD FOUNDATION (SPECIAL),EA,EACH,13.00,1500.00,1907.58,613-40010,matched,2021-02-05
fhu_ralston_yukon_garrison_20210205_row_0169,fhu_bid_tab_ralston_yukon_garrison_2021_02_05_18_st_40,fhu_bid_tab_ralston_yukon_garrison_2021_02_05,Ralston_Rd_CDOT_reconciliation.xlsx,Bid Book + CDOT,169,18-ST-40,162,CDOT 613,CDOT,CDOT 613,LIGHTING CONTROL CENTER,613-50100,LIGHTING CONTROL CENTER,EA,EACH,4.00,7500.00,4096.86,613-50100,matched,2021-02-05
fhu_ralston_yukon_garrison_20210205_row_0170,fhu_bid_tab_ralston_yukon_garrison_2021_02_05_18_st_40,fhu_bid_tab_ralston_yukon_garrison_2021_02_05,Ralston_Rd_CDOT_reconciliation.xlsx,Bid Book + CDOT,170,18-ST-40,163,CDOT 613,CDOT,CDOT 613,SERVICE METER CABINET,613-80130,SERVICE METER CABINET,EA,EACH,4.00,5500.00,4712.60,613-80130,matched,2021-02-05
fhu_ralston_yukon_garrison_20210205_row_0171,fhu_bid_tab_ralston_yukon_garrison_2021_02_05_18_st_40,fhu_bid_tab_ralston_yukon_garrison_2021_02_05,Ralston_Rd_CDOT_reconciliation.xlsx,Bid Book + CDOT,171,18-ST-40,164,COA 3.47,COA,COA 3.47,SIGN PANEL (CLASS I),614-00011,SIGN PANEL (CLASS I),SF,SF,525.30,22.00,36.16,614-00011,matched,2021-02-05
fhu_ralston_yukon_garrison_20210205_row_0172,fhu_bid_tab_ralston_yukon_garrison_2021_02_05_18_st_40,fhu_bid_tab_ralston_yukon_garrison_2021_02_05,Ralston_Rd_CDOT_reconciliation.xlsx,Bid Book + CDOT,172,18-ST-40,165,COA 3.48,COA,COA 3.48,STEEL SIGN POST (1.75 x 1.75 INCH TUBING),614-00214,STEEL SIGN POST (1.75 x 1.75 INCH TUBING),LF,LF,421.00,25.00,18.64,614-00214,matched,2021-02-05
fhu_ralston_yukon_garrison_20210205_row_0173,fhu_bid_tab_ralston_yukon_garrison_2021_02_05_18_st_40,fhu_bid_tab_ralston_yukon_garrison_2021_02_05,Ralston_Rd_CDOT_reconciliation.xlsx,Bid Book + CDOT,173,18-ST-40,166,COA 3.47,COA,COA 3.47,SIGNAL HEAD BACKPLATES,614-10160,SIGNAL HEAD BACKPLATES,EA,EACH,34.00,230.00,202.06,614-10160,matched,2021-02-05
fhu_ralston_yukon_garrison_20210205_row_0174,fhu_bid_tab_ralston_yukon_garrison_2021_02_05_18_st_40,fhu_bid_tab_ralston_yukon_garrison_2021_02_05,Ralston_Rd_CDOT_reconciliation.xlsx,Bid Book + CDOT,174,18-ST-40,167,COA 3.47,COA,COA 3.47,PEDESTRIAN SIGNAL FACE (16) (COUNTDOWN),614-70117,PEDESTRIAN SIGNAL FACE (16) (COUNTDOWN),EA,EACH,24.00,700.00,528.23,614-70117,matched,2021-02-05
fhu_ralston_yukon_garrison_20210205_row_0175,fhu_bid_tab_ralston_yukon_garrison_2021_02_05_18_st_40,fhu_bid_tab_ralston_yukon_garrison_2021_02_05,Ralston_Rd_CDOT_reconciliation.xlsx,Bid Book + CDOT,175,18-ST-40,168,COA 3.47,COA,COA 3.47,TRAFFIC SIGNAL FACE (12-12-12),614-70112,TRAFFIC SIGNAL FACE (12-12-12),EA,EACH,39.00,800.00,693.01,614-70112,matched,2021-02-05
fhu_ralston_yukon_garrison_20210205_row_0176,fhu_bid_tab_ralston_yukon_garrison_2021_02_05_18_st_40,fhu_bid_tab_ralston_yukon_garrison_2021_02_05,Ralston_Rd_CDOT_reconciliation.xlsx,Bid Book + CDOT,176,18-ST-40,169,COA 3.47,COA,COA 3.47,TRAFFIC SIGNAL FACE (12-12-12-12),614-70112,TRAFFIC SIGNAL FACE (12-12-12-12),EA,EACH,17.00,1000.00,1019.02,614-70112,matched,2021-02-05
fhu_ralston_yukon_garrison_20210205_row_0177,fhu_bid_tab_ralston_yukon_garrison_2021_02_05_18_st_40,fhu_bid_tab_ralston_yukon_garrison_2021_02_05,Ralston_Rd_CDOT_reconciliation.xlsx,Bid Book + CDOT,177,18-ST-40,170,COA 3.47,COA,COA 3.47,TRAFFIC SIGNAL FACE (12-12-12-12-12),614-70112,TRAFFIC SIGNAL FACE (12-12-12-12-12),EA,EACH,1.00,1400.00,933.71,614-70112,matched,2021-02-05
fhu_ralston_yukon_garrison_20210205_row_0178,fhu_bid_tab_ralston_yukon_garrison_2021_02_05_18_st_40,fhu_bid_tab_ralston_yukon_garrison_2021_02_05,Ralston_Rd_CDOT_reconciliation.xlsx,Bid Book + CDOT,178,18-ST-40,171,COA 3.47,COA,COA 3.47,TRAFFIC SIGNAL CONTROLLER,614-79840,TRAFFIC SIGNAL CONTROLLER,EA,EACH,4.00,18000.00,22521.37,614-79840,matched,2021-02-05
fhu_ralston_yukon_garrison_20210205_row_0179,fhu_bid_tab_ralston_yukon_garrison_2021_02_05_18_st_40,fhu_bid_tab_ralston_yukon_garrison_2021_02_05,Ralston_Rd_CDOT_reconciliation.xlsx,Bid Book + CDOT,179,18-ST-40,172,COA 3.47,COA,COA 3.47,PEDESTRIAN PUSH BUTTON POST ASSEMBLY,614-72860,PEDESTRIAN PUSH BUTTON POST ASSEMBLY,EA,EACH,9.00,1800.00,935.09,614-72860,matched,2021-02-05
fhu_ralston_yukon_garrison_20210205_row_0180,fhu_bid_tab_ralston_yukon_garrison_2021_02_05_18_st_40,fhu_bid_tab_ralston_yukon_garrison_2021_02_05,Ralston_Rd_CDOT_reconciliation.xlsx,Bid Book + CDOT,180,18-ST-40,173,COA 3.47,COA,COA 3.47,PEDESTRIAN PUSH BUTTON STATION AND SIGN,614-72860,PEDESTRIAN PUSH BUTTON STATION AND SIGN,EA,EACH,28.00,500.00,1396.13,614-72860,matched,2021-02-05
fhu_ralston_yukon_garrison_20210205_row_0181,fhu_bid_tab_ralston_yukon_garrison_2021_02_05_18_st_40,fhu_bid_tab_ralston_yukon_garrison_2021_02_05,Ralston_Rd_CDOT_reconciliation.xlsx,Bid Book + CDOT,181,18-ST-40,174,COA 3.47,COA,COA 3.47,MICROWAVE VEHICLE RADAR DETECTOR,614-72887,MICROWAVE VEHICLE RADAR DETECTOR,EA,EACH,22.00,8500.00,8473.93,614-72887,matched,2021-02-05
fhu_ralston_yukon_garrison_20210205_row_0182,fhu_bid_tab_ralston_yukon_garrison_2021_02_05_18_st_40,fhu_bid_tab_ralston_yukon_garrison_2021_02_05,Ralston_Rd_CDOT_reconciliation.xlsx,Bid Book + CDOT,182,18-ST-40,175,COA 3.47,COA,COA 3.47,TRAFFIC SIGNAL CONTROLLER (INSTALL ONLY),614-75840,TRAFFIC SIGNAL CONTROLLER (INSTALL ONLY),EA,EACH,4.00,8000.00,2473.91,614-75840,matched,2021-02-05
fhu_ralston_yukon_garrison_20210205_row_0183,fhu_bid_tab_ralston_yukon_garrison_2021_02_05_18_st_40,fhu_bid_tab_ralston_yukon_garrison_2021_02_05,Ralston_Rd_CDOT_reconciliation.xlsx,Bid Book + CDOT,183,18-ST-40,176,COA 3.47,COA,COA 3.47,TRAFFIC SIGNAL-LIGHT POLE (1-20 FOOT MAST ARM),613-74000,TRAFFIC SIGNAL-LIGHT POLE (1-20 FOOT MAST ARM),EA,EACH,2.00,20000.00,20136.38,613-74000,matched,2021-02-05
fhu_ralston_yukon_garrison_20210205_row_0184,fhu_bid_tab_ralston_yukon_garrison_2021_02_05_18_st_40,fhu_bid_tab_ralston_yukon_garrison_2021_02_05,Ralston_Rd_CDOT_reconciliation.xlsx,Bid Book + CDOT,184,18-ST-40,177,COA 3.47,COA,COA 3.47,TRAFFIC SIGNAL-LIGHT POLE (1-30 FOOT MAST ARM),613-74000,TRAFFIC SIGNAL-LIGHT POLE (1-30 FOOT MAST ARM),EA,EACH,1.00,21000.00,20939.97,613-74000,matched,2021-02-05
fhu_ralston_yukon_garrison_20210205_row_0185,fhu_bid_tab_ralston_yukon_garrison_2021_02_05_18_st_40,fhu_bid_tab_ralston_yukon_garrison_2021_02_05,Ralston_Rd_CDOT_reconciliation.xlsx,Bid Book + CDOT,185,18-ST-40,178,COA 3.47,COA,COA 3.47,TRAFFIC SIGNAL-LIGHT POLE (1-35 FOOT MAST ARM),613-74000,TRAFFIC SIGNAL-LIGHT POLE (1-35 FOOT MAST ARM),EA,EACH,2.00,22000.00,26443.29,613-74000,matched,2021-02-05
fhu_ralston_yukon_garrison_20210205_row_0186,fhu_bid_tab_ralston_yukon_garrison_2021_02_05_18_st_40,fhu_bid_tab_ralston_yukon_garrison_2021_02_05,Ralston_Rd_CDOT_reconciliation.xlsx,Bid Book + CDOT,186,18-ST-40,179,COA 3.47,COA,COA 3.47,TRAFFIC SIGNAL-LIGHT POLE (1-40 FOOT MAST ARM),613-74000,TRAFFIC SIGNAL-LIGHT POLE (1-40 FOOT MAST ARM),EA,EACH,3.00,23000.00,27324.46,613-74000,matched,2021-02-05
fhu_ralston_yukon_garrison_20210205_row_0187,fhu_bid_tab_ralston_yukon_garrison_2021_02_05_18_st_40,fhu_bid_tab_ralston_yukon_garrison_2021_02_05,Ralston_Rd_CDOT_reconciliation.xlsx,Bid Book + CDOT,187,18-ST-40,180,COA 3.47,COA,COA 3.47,TRAFFIC SIGNAL-LIGHT POLE (1-45 FOOT MAST ARM),613-74000,TRAFFIC SIGNAL-LIGHT POLE (1-45 FOOT MAST ARM),EA,EACH,1.00,23500.00,28524.00,613-74000,matched,2021-02-05
fhu_ralston_yukon_garrison_20210205_row_0188,fhu_bid_tab_ralston_yukon_garrison_2021_02_05_18_st_40,fhu_bid_tab_ralston_yukon_garrison_2021_02_05,Ralston_Rd_CDOT_reconciliation.xlsx,Bid Book + CDOT,188,18-ST-40,181,COA 3.47,COA,COA 3.47,TRAFFIC SIGNAL-LIGHT POLE (1-50 FOOT MAST ARM),613-74000,TRAFFIC SIGNAL-LIGHT POLE (1-50 FOOT MAST ARM),EA,EACH,4.00,24000.00,35029.49,613-74000,matched,2021-02-05
fhu_ralston_yukon_garrison_20210205_row_0189,fhu_bid_tab_ralston_yukon_garrison_2021_02_05_18_st_40,fhu_bid_tab_ralston_yukon_garrison_2021_02_05,Ralston_Rd_CDOT_reconciliation.xlsx,Bid Book + CDOT,189,18-ST-40,182,COA 3.47,COA,COA 3.47,TRAFFIC SIGNAL PEDESTAL POLE STEEL,614-84000,TRAFFIC SIGNAL PEDESTAL POLE STEEL,EA,EACH,5.00,2100.00,900.27,614-84000,matched,2021-02-05
fhu_ralston_yukon_garrison_20210205_row_0190,fhu_bid_tab_ralston_yukon_garrison_2021_02_05_18_st_40,fhu_bid_tab_ralston_yukon_garrison_2021_02_05,Ralston_Rd_CDOT_reconciliation.xlsx,Bid Book + CDOT,190,18-ST-40,183,CDOT 630.09,CDOT,CDOT 630.09,TEMPORARY SIGNAL (PORTABLE),630-86810,TEMPORARY SIGNAL (PORTABLE),EA,EACH,4.00,25000.00,26998.93,630-86810,matched,2021-02-05
fhu_ralston_yukon_garrison_20210205_row_0191,fhu_bid_tab_ralston_yukon_garrison_2021_02_05_18_st_40,fhu_bid_tab_ralston_yukon_garrison_2021_02_05,Ralston_Rd_CDOT_reconciliation.xlsx,Bid Book + CDOT,191,18-ST-40,184,COA 50.2.10,COA,COA 50.2.10,UNINTERRUPTED POWER SUPPLY,614-86800,UNINTERRUPTED POWER SUPPLY,EA,EACH,4.00,9000.00,6540.73,614-86800,matched,2021-02-05
fhu_ralston_yukon_garrison_20210205_row_0192,fhu_bid_tab_ralston_yukon_garrison_2021_02_05_18_st_40,fhu_bid_tab_ralston_yukon_garrison_2021_02_05,Ralston_Rd_CDOT_reconciliation.xlsx,Bid Book + CDOT,192,18-ST-40,185,COA 3.47,COA,COA 3.47,CLOSED CIRCUIT TELEVISION CAMERA (TRAFFIC SURVEILLANCE),614-87320,CLOSED CIRCUIT TELEVISION CAMERA (TRAFFIC SURVEILLANCE),EA,EACH,1.00,5200.00,5451.60,614-87320,matched,2021-02-05
fhu_ralston_yukon_garrison_20210205_row_0193,fhu_bid_tab_ralston_yukon_garrison_2021_02_05_18_st_40,fhu_bid_tab_ralston_yukon_garrison_2021_02_05,Ralston_Rd_CDOT_reconciliation.xlsx,Bid Book + CDOT,193,18-ST-40,186,CDOT 614,CDOT,CDOT 614,FIBER OPTIC CABLE (SINGLE MODE) (12 FIBER),614-87010,FIBER OPTIC CABLE (SINGLE MODE) (12 FIBER),LF,LF,1000.00,25.00,2.82,614-87010,matched,2021-02-05
fhu_ralston_yukon_garrison_20210205_row_0194,fhu_bid_tab_ralston_yukon_garrison_2021_02_05_18_st_40,fhu_bid_tab_ralston_yukon_garrison_2021_02_05,Ralston_Rd_CDOT_reconciliation.xlsx,Bid Book + CDOT,194,18-ST-40,187,CDOT 614,CDOT,CDOT 614,TEST FIBER OPTIC CABLE,614-87350,TEST FIBER OPTIC CABLE,LS,L S,1.00,15000.00,1083.62,614-87350,matched,2021-02-05
fhu_ralston_yukon_garrison_20210205_row_0195,fhu_bid_tab_ralston_yukon_garrison_2021_02_05_18_st_40,fhu_bid_tab_ralston_yukon_garrison_2021_02_05,Ralston_Rd_CDOT_reconciliation.xlsx,Bid Book + CDOT,195,18-ST-40,188,CDOT 614,CDOT,CDOT 614,TERMINATE FIBER OPTIC CABLE (12 STRAND),614-87612,TERMINATE FIBER OPTIC CABLE (12 STRAND),EA,EACH,4.00,4000.00,1501.07,614-87612,matched,2021-02-05
fhu_ralston_yukon_garrison_20210205_row_0196,fhu_bid_tab_ralston_yukon_garrison_2021_02_05_18_st_40,fhu_bid_tab_ralston_yukon_garrison_2021_02_05,Ralston_Rd_CDOT_reconciliation.xlsx,Bid Book + CDOT,196,18-ST-40,189,CDOT 614,CDOT,CDOT 614,ETHERNET SWITCH,614-87687,ETHERNET SWITCH,EA,EACH,4.00,3000.00,4738.16,614-87687,matched,2021-02-05
fhu_ralston_yukon_garrison_20210205_row_0197,fhu_bid_tab_ralston_yukon_garrison_2021_02_05_18_st_40,fhu_bid_tab_ralston_yukon_garrison_2021_02_05,Ralston_Rd_CDOT_reconciliation.xlsx,Bid Book + CDOT,197,18-ST-40,190,COA 3.28,COA,COA 3.28,4 INCH GATE VALVE & BOX,619-75032,4 INCH GATE VALVE & BOX,EA,EACH,1.00,1200.00,1546.89,619-75032,matched,2021-02-05
fhu_ralston_yukon_garrison_20210205_row_0198,fhu_bid_tab_ralston_yukon_garrison_2021_02_05_18_st_40,fhu_bid_tab_ralston_yukon_garrison_2021_02_05,Ralston_Rd_CDOT_reconciliation.xlsx,Bid Book + CDOT,198,18-ST-40,191,COA 3.28,COA,COA 3.28,6 INCH GATE VALVE & BOX,619-75048,6 INCH GATE VALVE & BOX,EA,EACH,2.00,1500.00,1804.54,619-75048,matched,2021-02-05
fhu_ralston_yukon_garrison_20210205_row_0199,fhu_bid_tab_ralston_yukon_garrison_2021_02_05_18_st_40,fhu_bid_tab_ralston_yukon_garrison_2021_02_05,Ralston_Rd_CDOT_reconciliation.xlsx,Bid Book + CDOT,199,18-ST-40,192,COA 3.28,COA,COA 3.28,8 INCH GATE VALVE & BOX,619-75064,8 INCH GATE VALVE & BOX,EA,EACH,11.00,1800.00,2388.90,619-75064,matched,2021-02-05
fhu_ralston_yukon_garrison_20210205_row_0200,fhu_bid_tab_ralston_yukon_garrison_2021_02_05_18_st_40,fhu_bid_tab_ralston_yukon_garrison_2021_02_05,Ralston_Rd_CDOT_reconciliation.xlsx,Bid Book + CDOT,200,18-ST-40,193,COA 3.28,COA,COA 3.28,12 INCH GATE VALVE & BOX,619-75096,12 INCH GATE VALVE & BOX,EA,EACH,9.00,3000.00,3934.24,619-75096,matched,2021-02-05
fhu_ralston_yukon_garrison_20210205_row_0201,fhu_bid_tab_ralston_yukon_garrison_2021_02_05_18_st_40,fhu_bid_tab_ralston_yukon_garrison_2021_02_05,Ralston_Rd_CDOT_reconciliation.xlsx,Bid Book + CDOT,201,18-ST-40,194,COA 3.8,COA,COA 3.8,FIRE HYDRANT (ASSEMBLY),619-78048,FIRE HYDRANT (ASSEMBLY),EA,EACH,25.00,9000.00,7745.65,619-78048,matched,2021-02-05
fhu_ralston_yukon_garrison_20210205_row_0202,fhu_bid_tab_ralston_yukon_garrison_2021_02_05_18_st_40,fhu_bid_tab_ralston_yukon_garrison_2021_02_05,Ralston_Rd_CDOT_reconciliation.xlsx,Bid Book + CDOT,202,18-ST-40,195,COA 3.22,COA,COA 3.22,STAIR,,STAIR,EA,EACH,7.00,3000.00,6292.90,,unmatched,2021-02-05
fhu_ralston_yukon_garrison_20210205_row_0203,fhu_bid_tab_ralston_yukon_garrison_2021_02_05_18_st_40,fhu_bid_tab_ralston_yukon_garrison_2021_02_05,Ralston_Rd_CDOT_reconciliation.xlsx,Bid Book + CDOT,203,18-ST-40,196,COA 3.37,COA,COA 3.37,TEMPORARY DRIVEWAY PAVING,,TEMPORARY DRIVEWAY PAVING,SY,SY,3500.00,40.00,36.74,,unmatched,2021-02-05
fhu_ralston_yukon_garrison_20210205_row_0204,fhu_bid_tab_ralston_yukon_garrison_2021_02_05_18_st_40,fhu_bid_tab_ralston_yukon_garrison_2021_02_05,Ralston_Rd_CDOT_reconciliation.xlsx,Bid Book + CDOT,204,18-ST-40,197,COA 3.50,COA,COA 3.50,6' BENCH,622-00250,6' BENCH,EA,EACH,4.00,3000.00,2840.28,622-00250,matched,2021-02-05
fhu_ralston_yukon_garrison_20210205_row_0205,fhu_bid_tab_ralston_yukon_garrison_2021_02_05_18_st_40,fhu_bid_tab_ralston_yukon_garrison_2021_02_05,Ralston_Rd_CDOT_reconciliation.xlsx,Bid Book + CDOT,205,18-ST-40,198,COA 3.50,COA,COA 3.50,4' BENCH,622-00250,4' BENCH,EA,EACH,11.00,2700.00,2827.55,622-00250,matched,2021-02-05
fhu_ralston_yukon_garrison_20210205_row_0206,fhu_bid_tab_ralston_yukon_garrison_2021_02_05_18_st_40,fhu_bid_tab_ralston_yukon_garrison_2021_02_05,Ralston_Rd_CDOT_reconciliation.xlsx,Bid Book + CDOT,206,18-ST-40,199,COA 3.59,COA,COA 3.59,"DISTRICT MARKER (INSPIRE, CELEBRATE, REMEMBER)",,"DISTRICT MARKER (INSPIRE, CELEBRATE, REMEMBER)",EA,EACH,3.00,22000.00,38256.02,,unmatched,2021-02-05
fhu_ralston_yukon_garrison_20210205_row_0207,fhu_bid_tab_ralston_yukon_garrison_2021_02_05_18_st_40,fhu_bid_tab_ralston_yukon_garrison_2021_02_05,Ralston_Rd_CDOT_reconciliation.xlsx,Bid Book + CDOT,207,18-ST-40,200,COA 3.60,COA,COA 3.60,"DISTRICT MARKER FOUNDATION (INSPIRE, CELEBRATE, REMEMBER)",601-01000,"DISTRICT MARKER FOUNDATION (INSPIRE, CELEBRATE, REMEMBER)",CY,CY,9.00,1000.00,2279.43,601-01000,matched,2021-02-05
fhu_ralston_yukon_garrison_20210205_row_0208,fhu_bid_tab_ralston_yukon_garrison_2021_02_05_18_st_40,fhu_bid_tab_ralston_yukon_garrison_2021_02_05,Ralston_Rd_CDOT_reconciliation.xlsx,Bid Book + CDOT,208,18-ST-40,201,COA 3.61,COA,COA 3.61,NEIGHBORHOOD MONUMENT,,NEIGHBORHOOD MONUMENT,EA,EACH,17.00,5000.00,3318.00,,unmatched,2021-02-05
fhu_ralston_yukon_garrison_20210205_row_0209,fhu_bid_tab_ralston_yukon_garrison_2021_02_05_18_st_40,fhu_bid_tab_ralston_yukon_garrison_2021_02_05,Ralston_Rd_CDOT_reconciliation.xlsx,Bid Book + CDOT,209,18-ST-40,202,COA 3.62,COA,COA 3.62,NEIGHBORHOOD MONUMENT FOUNDATION,601-01000,NEIGHBORHOOD MONUMENT FOUNDATION,CY,CY,11.00,1000.00,3970.92,601-01000,matched,2021-02-05
fhu_ralston_yukon_garrison_20210205_row_0210,fhu_bid_tab_ralston_yukon_garrison_2021_02_05_18_st_40,fhu_bid_tab_ralston_yukon_garrison_2021_02_05,Ralston_Rd_CDOT_reconciliation.xlsx,Bid Book + CDOT,210,18-ST-40,203,COA 3.63,COA,COA 3.63,WOLFF PARK PLANTER WALL,,WOLFF PARK PLANTER WALL,LF,LF,40.00,500.00,364.93,,unmatched,2021-02-05
fhu_ralston_yukon_garrison_20210205_row_0211,fhu_bid_tab_ralston_yukon_garrison_2021_02_05_18_st_40,fhu_bid_tab_ralston_yukon_garrison_2021_02_05,Ralston_Rd_CDOT_reconciliation.xlsx,Bid Book + CDOT,211,18-ST-40,204,CDOT 623,CDOT,CDOT 623,IRRIGATION POINT OF CONNECTION,623-09905,IRRIGATION POINT OF CONNECTION,EA,EACH,4.00,32035.00,8579.58,623-09905,matched,2021-02-05
fhu_ralston_yukon_garrison_20210205_row_0212,fhu_bid_tab_ralston_yukon_garrison_2021_02_05_18_st_40,fhu_bid_tab_ralston_yukon_garrison_2021_02_05,Ralston_Rd_CDOT_reconciliation.xlsx,Bid Book + CDOT,212,18-ST-40,205,CDOT 623,CDOT,CDOT 623,IRRIGATION TAP FEES,,IRRIGATION TAP FEES,SF,SF,21129.00,0.74,1.64,,unmatched,2021-02-05
fhu_ralston_yukon_garrison_20210205_row_0213,fhu_bid_tab_ralston_yukon_garrison_2021_02_05_18_st_40,fhu_bid_tab_ralston_yukon_garrison_2021_02_05,Ralston_Rd_CDOT_reconciliation.xlsx,Bid Book + CDOT,213,18-ST-40,206,CDOT 623,CDOT,CDOT 623,IRRIGATION WITHIN BEDS AND CORNER PLANTERS,,IRRIGATION WITHIN BEDS AND CORNER PLANTERS,SF,SF,20608.00,1.00,2.06,,unmatched,2021-02-05
fhu_ralston_yukon_garrison_20210205_row_0214,fhu_bid_tab_ralston_yukon_garrison_2021_02_05_18_st_40,fhu_bid_tab_ralston_yukon_garrison_2021_02_05,Ralston_Rd_CDOT_reconciliation.xlsx,Bid Book + CDOT,214,18-ST-40,207,CDOT 623,CDOT,CDOT 623,IRRIGATION FOR TREE PITS,623-00156,IRRIGATION FOR TREE PITS,EA,EACH,20.00,150.00,147.15,623-00156,matched,2021-02-05
fhu_ralston_yukon_garrison_20210205_row_0215,fhu_bid_tab_ralston_yukon_garrison_2021_02_05_18_st_40,fhu_bid_tab_ralston_yukon_garrison_2021_02_05,Ralston_Rd_CDOT_reconciliation.xlsx,Bid Book + CDOT,215,18-ST-40,208,COA 3.11,COA,COA 3.11,IRRIGATION MAINLINE,623-00604,IRRIGATION MAINLINE,LF,LF,5800.00,21.20,24.61,623-00604,matched,2021-02-05
fhu_ralston_yukon_garrison_20210205_row_0216,fhu_bid_tab_ralston_yukon_garrison_2021_02_05_18_st_40,fhu_bid_tab_ralston_yukon_garrison_2021_02_05,Ralston_Rd_CDOT_reconciliation.xlsx,Bid Book + CDOT,216,18-ST-40,209,COA 3.11,COA,COA 3.11,IRRIGATION SLEEVES FOR MAINLINE,623-00604,IRRIGATION SLEEVES FOR MAINLINE,LF,LF,3850.00,21.20,12.95,623-00604,matched,2021-02-05
fhu_ralston_yukon_garrison_20210205_row_0217,fhu_bid_tab_ralston_yukon_garrison_2021_02_05_18_st_40,fhu_bid_tab_ralston_yukon_garrison_2021_02_05,Ralston_Rd_CDOT_reconciliation.xlsx,Bid Book + CDOT,217,18-ST-40,210,COA 3.11,COA,COA 3.11,IRRIGATION SLEEVES FOR LATERALS - BEDS AND CORNER TREATMENTS,623-00604,IRRIGATION SLEEVES FOR LATERALS - BEDS AND CORNER TREATMENTS,LF,LF,4600.00,17.40,10.94,623-00604,matched,2021-02-05
fhu_ralston_yukon_garrison_20210205_row_0218,fhu_bid_tab_ralston_yukon_garrison_2021_02_05_18_st_40,fhu_bid_tab_ralston_yukon_garrison_2021_02_05,Ralston_Rd_CDOT_reconciliation.xlsx,Bid Book + CDOT,218,18-ST-40,211,COA 3.11,COA,COA 3.11,IRRIGATION SLEEVES FOR LATERALS - TREE PITS,623-00604,IRRIGATION SLEEVES FOR LATERALS - TREE PITS,LF,LF,1550.00,17.40,11.64,623-00604,matched,2021-02-05
fhu_ralston_yukon_garrison_20210205_row_0219,fhu_bid_tab_ralston_yukon_garrison_2021_02_05_18_st_40,fhu_bid_tab_ralston_yukon_garrison_2021_02_05,Ralston_Rd_CDOT_reconciliation.xlsx,Bid Book + CDOT,219,18-ST-40,212,COA 3.11,COA,COA 3.11,IRRIGATION LATERAL FOR BEDS AND CORNER TREATMENTS,623-00604,IRRIGATION LATERAL FOR BEDS AND CORNER TREATMENTS,LF,LF,6775.00,3.05,3.95,623-00604,matched,2021-02-05
fhu_ralston_yukon_garrison_20210205_row_0220,fhu_bid_tab_ralston_yukon_garrison_2021_02_05_18_st_40,fhu_bid_tab_ralston_yukon_garrison_2021_02_05,Ralston_Rd_CDOT_reconciliation.xlsx,Bid Book + CDOT,220,18-ST-40,213,COA 3.11,COA,COA 3.11,IRRIGATION LATERAL FOR TREE PITS,623-00604,IRRIGATION LATERAL FOR TREE PITS,LF,LF,1700.00,3.05,3.96,623-00604,matched,2021-02-05
fhu_ralston_yukon_garrison_20210205_row_0221,fhu_bid_tab_ralston_yukon_garrison_2021_02_05_18_st_40,fhu_bid_tab_ralston_yukon_garrison_2021_02_05,Ralston_Rd_CDOT_reconciliation.xlsx,Bid Book + CDOT,221,18-ST-40,214,CDOT 623,CDOT,CDOT 623,IRRIGATION MODIFICATION FOR ADJACENT OWNERS,,IRRIGATION MODIFICATION FOR ADJACENT OWNERS,LS,L S,38.00,1200.00,1210.86,,unmatched,2021-02-05
fhu_ralston_yukon_garrison_20210205_row_0222,fhu_bid_tab_ralston_yukon_garrison_2021_02_05_18_st_40,fhu_bid_tab_ralston_yukon_garrison_2021_02_05,Ralston_Rd_CDOT_reconciliation.xlsx,Bid Book + CDOT,222,18-ST-40,215,CDOT 623,CDOT,CDOT 623,IRRIGATION MODIFICATION FOR RALSTON CENTRAL PARK,,IRRIGATION MODIFICATION FOR RALSTON CENTRAL PARK,LS,L S,1.00,6500.00,14410.56,,unmatched,2021-02-05
fhu_ralston_yukon_garrison_20210205_row_0223,fhu_bid_tab_ralston_yukon_garrison_2021_02_05_18_st_40,fhu_bid_tab_ralston_yukon_garrison_2021_02_05,Ralston_Rd_CDOT_reconciliation.xlsx,Bid Book + CDOT,223,18-ST-40,216,CDOT 623,CDOT,CDOT 623,IRRIGATION MODIFICATION FOR WOLFF PARK,,IRRIGATION MODIFICATION FOR WOLFF PARK,LS,L S,1.00,5500.00,12333.31,,unmatched,2021-02-05
fhu_ralston_yukon_garrison_20210205_row_0224,fhu_bid_tab_ralston_yukon_garrison_2021_02_05_18_st_40,fhu_bid_tab_ralston_yukon_garrison_2021_02_05,Ralston_Rd_CDOT_reconciliation.xlsx,Bid Book + CDOT,224,18-ST-40,217,COA 3.11,COA,COA 3.11,IRRIGATION PIPING BORE ALLOWANCE,,IRRIGATION PIPING BORE ALLOWANCE,LF,LF,963.00,85.00,83.34,,unmatched,2021-02-05
fhu_ralston_yukon_garrison_20210205_row_0225,fhu_bid_tab_ralston_yukon_garrison_2021_02_05_18_st_40,fhu_bid_tab_ralston_yukon_garrison_2021_02_05,Ralston_Rd_CDOT_reconciliation.xlsx,Bid Book + CDOT,225,18-ST-40,218,CDOT 625,CDOT,CDOT 625,CONSTRUCTION SURVEYING,625-00000,CONSTRUCTION SURVEYING,LS,L S,1.00,250000.00,172421.99,625-00000,matched,2021-02-05
fhu_ralston_yukon_garrison_20210205_row_0226,fhu_bid_tab_ralston_yukon_garrison_2021_02_05_18_st_40,fhu_bid_tab_ralston_yukon_garrison_2021_02_05,Ralston_Rd_CDOT_reconciliation.xlsx,Bid Book + CDOT,226,18-ST-40,219,COA 3.49,COA,COA 3.49,MOBILIZATION,626-00000,MOBILIZATION,LS,L S,1.00,700000.00,823284.66,626-00000,matched,2021-02-05
fhu_ralston_yukon_garrison_20210205_row_0227,fhu_bid_tab_ralston_yukon_garrison_2021_02_05_18_st_40,fhu_bid_tab_ralston_yukon_garrison_2021_02_05,Ralston_Rd_CDOT_reconciliation.xlsx,Bid Book + CDOT,227,18-ST-40,220,COA 50.4.7,COA,COA 50.4.7,MODIFIED EPOXY PAVEMENT MARKING,627-00005,MODIFIED EPOXY PAVEMENT MARKING,GAL,GAL,64.00,200.00,201.79,627-00005,matched,2021-02-05
fhu_ralston_yukon_garrison_20210205_row_0228,fhu_bid_tab_ralston_yukon_garrison_2021_02_05_18_st_40,fhu_bid_tab_ralston_yukon_garrison_2021_02_05,Ralston_Rd_CDOT_reconciliation.xlsx,Bid Book + CDOT,228,18-ST-40,221,COA 3.45,COA,COA 3.45,PREFORMED THERMOPLASTIC PVMNT MRKNG (WORD-SYMBOL),627-30405,PREFORMED THERMOPLASTIC PVMNT MRKNG (WORD-SYMBOL),SF,SF,316.00,25.00,24.08,627-30405,matched,2021-02-05
fhu_ralston_yukon_garrison_20210205_row_0229,fhu_bid_tab_ralston_yukon_garrison_2021_02_05_18_st_40,fhu_bid_tab_ralston_yukon_garrison_2021_02_05,Ralston_Rd_CDOT_reconciliation.xlsx,Bid Book + CDOT,229,18-ST-40,222,COA 3.45,COA,COA 3.45,PREFORMED THERMOPLASTIC PVMNT MRKNG (XWALK-STOPLINE),627-30410,PREFORMED THERMOPLASTIC PVMNT MRKNG (XWALK-STOPLINE),SF,SF,786.00,20.00,17.37,627-30410,matched,2021-02-05
fhu_ralston_yukon_garrison_20210205_row_0230,fhu_bid_tab_ralston_yukon_garrison_2021_02_05_18_st_40,fhu_bid_tab_ralston_yukon_garrison_2021_02_05,Ralston_Rd_CDOT_reconciliation.xlsx,Bid Book + CDOT,230,18-ST-40,223,CDOT 630,CDOT,CDOT 630,UNIFORMED TRAFFIC CONTROL,630-00003,UNIFORMED TRAFFIC CONTROL,HR,HOUR,200.00,100.00,144.78,630-00003,matched,2021-02-05
fhu_ralston_yukon_garrison_20210205_row_0231,fhu_bid_tab_ralston_yukon_garrison_2021_02_05_18_st_40,fhu_bid_tab_ralston_yukon_garrison_2021_02_05,Ralston_Rd_CDOT_reconciliation.xlsx,Bid Book + CDOT,231,18-ST-40,224,CDOT 630,CDOT,CDOT 630,TRAFFIC CONTROL,630-00016,TRAFFIC CONTROL,LS,L S,1.00,1000000.00,694281.23,630-00016,matched,2021-02-05
fhu_ralston_yukon_garrison_20210205_row_0232,fhu_bid_tab_ralston_yukon_garrison_2021_02_05_18_st_40,fhu_bid_tab_ralston_yukon_garrison_2021_02_05,Ralston_Rd_CDOT_reconciliation.xlsx,Bid Book + CDOT,232,18-ST-40,225,CDOT 626,CDOT,CDOT 626,PUBLIC INFORMATION SERVICES (TIER III),626-01103,PUBLIC INFORMATION SERVICES (TIER III),LS,L S,1.00,50000.00,55359.07,626-01103,matched,2021-02-05
fhu_ralston_yukon_garrison_20210205_row_0233,fhu_bid_tab_ralston_yukon_garrison_2021_02_05_18_st_40,fhu_bid_tab_ralston_yukon_garrison_2021_02_05,Ralston_Rd_CDOT_reconciliation.xlsx,Bid Book + CDOT,233,18-ST-40,226,COA 3.48 & CDOT 620,COA,COA 3.48 & CDOT 620,SANITARY FACILITY,620-00020,SANITARY FACILITY,EA,EACH,5.00,2000.00,6657.73,620-00020,matched,2021-02-05
fhu_ralston_yukon_garrison_20210205_row_0234,fhu_bid_tab_ralston_yukon_garrison_2021_02_05_18_st_40,fhu_bid_tab_ralston_yukon_garrison_2021_02_05,Ralston_Rd_CDOT_reconciliation.xlsx,Bid Book + CDOT,234,18-ST-40,227,No. 227,SOURCE,,F/A 01 MINOR CONTRACT REVISIONS TO INCLUDE RFIs (ROADWAY),700-70010,F/A 01 MINOR CONTRACT REVISIONS TO INCLUDE RFIs (ROADWAY),FA,F A,1.00,350000.00,350000.00,700-70010,matched,2021-02-05
fhu_ralston_yukon_garrison_20210205_row_0235,fhu_bid_tab_ralston_yukon_garrison_2021_02_05_18_st_40,fhu_bid_tab_ralston_yukon_garrison_2021_02_05,Ralston_Rd_CDOT_reconciliation.xlsx,Bid Book + CDOT,235,18-ST-40,228,No. 228,SOURCE,,F/A 02 EROSION CONTROL,700-70034,F/A 02 EROSION CONTROL,FA,F A,1.00,15000.00,15000.00,700-70034,matched,2021-02-05
fhu_ralston_yukon_garrison_20210205_row_0236,fhu_bid_tab_ralston_yukon_garrison_2021_02_05_18_st_40,fhu_bid_tab_ralston_yukon_garrison_2021_02_05,Ralston_Rd_CDOT_reconciliation.xlsx,Bid Book + CDOT,236,18-ST-40,229,No. 229,SOURCE,,F/A 03 ENVIRONMENTAL HEALTH AND SAFETY MANAGEMENT,700-70034,F/A 03 ENVIRONMENTAL HEALTH AND SAFETY MANAGEMENT,FA,F A,1.00,75000.00,75000.00,700-70034,matched,2021-02-05
fhu_ralston_yukon_garrison_20210205_row_0237,fhu_bid_tab_ralston_yukon_garrison_2021_02_05_18_st_40,fhu_bid_tab_ralston_yukon_garrison_2021_02_05,Ralston_Rd_CDOT_reconciliation.xlsx,Bid Book + CDOT,237,18-ST-40,230,No. 230,SOURCE,,F/A 04 IRRIGATION SYSTEM REPAIR,700-70034,F/A 04 IRRIGATION SYSTEM REPAIR,FA,F A,1.00,25000.00,25000.00,700-70034,matched,2021-02-05
fhu_ralston_yukon_garrison_20210205_row_0238,fhu_bid_tab_ralston_yukon_garrison_2021_02_05_18_st_40,fhu_bid_tab_ralston_yukon_garrison_2021_02_05,Ralston_Rd_CDOT_reconciliation.xlsx,Bid Book + CDOT,238,18-ST-40,231,No. 231,SOURCE,,F/A 05 UTILITY ADJUSTMENT,700-70060,F/A 05 UTILITY ADJUSTMENT,FA,F A,1.00,75000.00,75000.00,700-70060,matched,2021-02-05
fhu_ralston_yukon_garrison_20210205_row_0239,fhu_bid_tab_ralston_yukon_garrison_2021_02_05_18_st_40,fhu_bid_tab_ralston_yukon_garrison_2021_02_05,Ralston_Rd_CDOT_reconciliation.xlsx,Bid Book + CDOT,239,18-ST-40,232,No. 232,SOURCE,,F/A 06 HIGH EARLY STRENGTH CONCRETE (CLASS E),700-70034,F/A 06 HIGH EARLY STRENGTH CONCRETE (CLASS E),FA,F A,1.00,40000.00,40000.00,700-70034,matched,2021-02-05
fhu_ralston_yukon_garrison_20210205_row_0240,fhu_bid_tab_ralston_yukon_garrison_2021_02_05_18_st_40,fhu_bid_tab_ralston_yukon_garrison_2021_02_05,Ralston_Rd_CDOT_reconciliation.xlsx,Bid Book + CDOT,240,18-ST-40,233,No. 233,SOURCE,,F/A 07 FURNISH AND INSTALL ELECTRICAL SERVICE,700-70034,F/A 07 FURNISH AND INSTALL ELECTRICAL SERVICE,FA,F A,1.00,20000.00,20000.00,700-70034,matched,2021-02-05
fhu_ralston_yukon_garrison_20210205_row_0241,fhu_bid_tab_ralston_yukon_garrison_2021_02_05_18_st_40,fhu_bid_tab_ralston_yukon_garrison_2021_02_05,Ralston_Rd_CDOT_reconciliation.xlsx,Bid Book + CDOT,241,18-ST-40,234,No. 234,SOURCE,,F/A 08 MINOR CONTRACT REVISIONS TO INCLUDE RFIs (STREETSCAPE),700-70010,F/A 08 MINOR CONTRACT REVISIONS TO INCLUDE RFIs (STREETSCAPE),FA,F A,1.00,100000.00,100000.00,700-70010,matched,2021-02-05
fhu_ralston_yukon_garrison_20210205_row_0242,fhu_bid_tab_ralston_yukon_garrison_2021_02_05_18_st_40,fhu_bid_tab_ralston_yukon_garrison_2021_02_05,Ralston_Rd_CDOT_reconciliation.xlsx,Bid Book + CDOT,242,18-ST-40,235,No. 235,SOURCE,,F/A 09 MINOR CONTRACT REVISIONS TO INCLUDE RFIs (WATER),700-70010,F/A 09 MINOR CONTRACT REVISIONS TO INCLUDE RFIs (WATER),FA,F A,1.00,100000.00,100000.00,700-70010,matched,2021-02-05
