project_id,project_name,agency_owner,state,county_region,work_type,estimate_let_date,source_id,project_number,project_location_raw,contractor,district,terrain,bid_count,awarded_bid_total,award_index
demo_parker_e470_2026,E-470 Parker Road Mobility Improvements,Town of Parker / E-470,CO,Douglas / Denver Metro,Roadway,2026-02-18,demo_fhu_estimates_2026,,,,,,,,
demo_douglas_widening_2025,Douglas County Arterial Widening,Douglas County,CO,Douglas / Denver Metro,Roadway,2025-07-11,demo_cdot_costbook_2025,,,,,,,,
demo_adams_intersection_2025,Adams County Intersection Reconstruction,Adams County,CO,Adams / Denver Metro,Roadway,2025-04-22,demo_cdot_costbook_2025,,,,,,,,
demo_boulder_ada_2024,Boulder Multimodal ADA Package,City of Boulder,CO,Boulder / Front Range,Roadway,2024-09-16,demo_cdot_costbook_2025,,,,,,,,
demo_larimer_widening_2023,Larimer County Rural Widening,Larimer County,CO,Larimer / North Front Range,Roadway,2023-08-03,demo_cdot_costbook_2025,,,,,,,,
demo_jefferson_safety_2022,Jefferson County Roadway Safety Improvements,Jefferson County,CO,Jefferson / Denver Metro,Roadway,2022-05-19,demo_cdot_costbook_2025,,,,,,,,
cdot_2026q1_c_0852_130,SB SANTA FE TO EASTBOUND C470,CDOT,CO,Colorado / CDOT District 1,Roadway,2026-02-11,cdot_cost_data_book_2026_q1,C 0852-130,C 0852-130 SB SANTA FE TO EASTBOUND C470,"AMES CONSTRUCTION, INC.",1,U,3,1251000.00,59.90
cdot_2026q1_cm570_071,GREELEY & EVANS,CDOT,CO,Colorado / CDOT District 4,Roadway,2026-03-26,cdot_cost_data_book_2026_q1,CM570-071,CM570-071 GREELEY & EVANS,RDZ Build,4,P,8,739593.00,106.51
cdot_2026q1_cr400_408,CO157A - MP 0.277; 036B - MP 3,CDOT,CO,Colorado / CDOT District 4,Roadway,2026-01-08,cdot_cost_data_book_2026_q1,CR400-408,CR400-408 CO157A - MP 0.277; 036B - MP 3,Lumin8 Transportation Tech.,4,U,6,885349.00,89.14
cdot_2026q1_er0852_129,SB SANTA FE TO EASTBOUND C470,CDOT,CO,Colorado / CDOT District 1,Roadway,2026-01-30,cdot_cost_data_book_2026_q1,ER0852-129,ER0852-129 SB SANTA FE TO EASTBOUND C470,"AMES CONSTRUCTION, INC.",1,U,3,1251000.00,120.40
cdot_2026q1_fbr006a_078,ATWOOD TO STERLING (MP 398.2-4,CDOT,CO,Colorado / CDOT District 4,Roadway,2026-01-15,cdot_cost_data_book_2026_q1,FBR006A-078,FBR006A-078 ATWOOD TO STERLING (MP 398.2-4,Harper Brothers Construction LLC,4,P,4,20722238.45,100.90
cdot_2026q1_fsa0252_509,I25 FROM MP 108.5 TO 115,CDOT,CO,Colorado / CDOT District 2,Roadway,2026-02-05,cdot_cost_data_book_2026_q1,FSA0252-509,FSA0252-509 I25 FROM MP 108.5 TO 115,"Siete, Inc.",2,R,2,3558000.00,114.77
cdot_2026q1_im025a_056,TRINIDAD,CDOT,CO,Colorado / CDOT District 2,Roadway,2026-02-19,cdot_cost_data_book_2026_q1,IM025A-056,IM025A-056 TRINIDAD,CONCRETE WORKS OF COLORADO INC.,2,U,5,2368693.10,87.73
cdot_2026q1_mtcer300_289,REGION 3,CDOT,CO,Colorado / CDOT District 3,Roadway,2026-03-05,cdot_cost_data_book_2026_q1,MTCER300-289,MTCER300-289 REGION 3,"ROADSAFE TRAFFIC SYSTEMS, INC",3,M,2,288898.50,85.50
cdot_2026q1_mtcer500_236,REGION 5,CDOT,CO,Colorado / CDOT District 5,Roadway,2026-01-08,cdot_cost_data_book_2026_q1,MTCER500-236,MTCER500-236 REGION 5,"ROADSAFE TRAFFIC SYSTEMS, INC",5,R,3,1674227.00,96.06
cdot_2026q1_nhfpr100_433,R3 - Loma - 070A - MM 13.6,CDOT,CO,Colorado / CDOT District 1,Roadway,2026-03-12,cdot_cost_data_book_2026_q1,NHFPR100-433,NHFPR100-433 R3 - Loma - 070A - MM 13.6,Drivewyze Ltd.,1,,5,2511351.69,125.57
cdot_2026q1_nhpp006a_080,US 6 MP 20-26 Resurfacing,CDOT,CO,Colorado / CDOT District 3,Roadway,2026-03-19,cdot_cost_data_book_2026_q1,NHPP006A-080,NHPP006A-080 US 6 MP 20-26 Resurfacing,"OLDCASTLE SW GROUP, INC.",3,U,2,3067017.50,75.57
cdot_2026q1_nhpp0403_072,MM 221.5-226 US 40 GRAND COUNT,CDOT,CO,Colorado / CDOT District 3,Roadway,2026-02-19,cdot_cost_data_book_2026_q1,NHPP0403-072,NHPP0403-072 MM 221.5-226 US 40 GRAND COUNT,"OLDCASTLE SW GROUP, INC.",3,M,2,4716276.25,111.22
cdot_2026q1_nhpp0403_076,US 40 & TONN VALLEY DRIVE,CDOT,CO,Colorado / CDOT District 1,Roadway,2026-03-02,cdot_cost_data_book_2026_q1,NHPP0403-076,NHPP0403-076 US 40 & TONN VALLEY DRIVE,"CONCRETE EXPRESS, INC.",1,M,2,433473.20,114.07
cdot_2026q1_nhpp0501_081,"US50 MP 108-MP113, MONTROSE CO",CDOT,CO,Colorado / CDOT District 3,Roadway,2026-01-29,cdot_cost_data_book_2026_q1,NHPP0501-081,"NHPP0501-081 US50 MP 108-MP113, MONTROSE CO","AMERICAN WEST CONSTRUCTION, LLC",3,R,4,593455.00,47.82
cdot_2026q1_nhpp0702_422,I-70 AND SH 9 IN FRISCO,CDOT,CO,Colorado / CDOT District 3,Roadway,2026-02-05,cdot_cost_data_book_2026_q1,NHPP0702-422,NHPP0702-422 I-70 AND SH 9 IN FRISCO,"ZAK DIRT, INC.",3,M,6,27114489.40,94.01
cdot_2026q1_nhpp0741_026,SH 74 DOWNTOWN EVERGREEN TO CO,CDOT,CO,Colorado / CDOT District 1,Roadway,2026-01-08,cdot_cost_data_book_2026_q1,NHPP0741-026,NHPP0741-026 SH 74 DOWNTOWN EVERGREEN TO CO,"BRANNAN SAND AND GRAVEL, LLC",1,M,4,6365969.25,111.68
cdot_2026q1_nhpp1602_184,US 160 HIGH BRIDGE TO ELMORES,CDOT,CO,Colorado / CDOT District 5,Roadway,2026-01-08,cdot_cost_data_book_2026_q1,NHPP1602-184,NHPP1602-184 US 160 HIGH BRIDGE TO ELMORES,"Kilgore Companies, LLC",5,R,2,11227904.85,83.72
cdot_2026q1_nhpp4701_139,C-470 KEN CARYL TO WADSORTH,CDOT,CO,Colorado / CDOT District 1,Roadway,2026-02-19,cdot_cost_data_book_2026_q1,NHPP4701-139,NHPP4701-139 C-470 KEN CARYL TO WADSORTH,"ASPHALT SPECIALTIES CO., INC.",1,R,4,14495525.35,106.58
cdot_2026q1_sftyr400_413,MULTIPLE CULVERTS IN REGION 4,CDOT,CO,Colorado / CDOT District 4,Roadway,2026-02-05,cdot_cost_data_book_2026_q1,SFTYR400-413,SFTYR400-413 MULTIPLE CULVERTS IN REGION 4,"Whitaker Construction Co., Inc.",4,R,4,257788.00,60.84
cdot_2026q1_star100_429,Various locations on SH83 betw,CDOT,CO,Colorado / CDOT District 1,Roadway,2026-01-29,cdot_cost_data_book_2026_q1,STAR100-429,STAR100-429 Various locations on SH83 betw,"CHATO'S CONCRETE, LLC",1,U,4,1576338.00,91.90
cdot_2026q1_stm006a_076,ATWOOD TO STERLING (MP 398.2-4,CDOT,CO,Colorado / CDOT District 4,Roadway,2026-01-15,cdot_cost_data_book_2026_q1,STM006A-076,STM006A-076 ATWOOD TO STERLING (MP 398.2-4,Harper Brothers Construction LLC,4,P,4,20722238.45,100.90
cdot_2026q1_stm086a_059,CO86 (MM 15.3-16.3),CDOT,CO,Colorado / CDOT District 4,Roadway,2026-03-05,cdot_cost_data_book_2026_q1,STM086A-059,STM086A-059 CO86 (MM 15.3-16.3),"BRANNAN SAND AND GRAVEL, LLC",4,P,4,1427814.20,102.29
cdot_2026q1_str0241_069,SH 24 MP 166 TO 174,CDOT,CO,Colorado / CDOT District 3,Roadway,2026-03-05,cdot_cost_data_book_2026_q1,STR0241-069,STR0241-069 SH 24 MP 166 TO 174,"OLDCASTLE SW GROUP, INC.",3,M,1,12299613.85,102.28
cdot_2026q1_str1151_043,SH 115A from M.P 14.0-18.0 thr,CDOT,CO,Colorado / CDOT District 2,Roadway,2026-02-05,cdot_cost_data_book_2026_q1,STR1151-043,STR1151-043 SH 115A from M.P 14.0-18.0 thr,"ACME CONCRETE PAVING, INC.",2,R,4,3683609.28,97.06
cdot_2026q1_strr200_289,"CO 10A, US 50B, CO 69A, CO 165",CDOT,CO,Colorado / CDOT District 2,Roadway,2026-01-22,cdot_cost_data_book_2026_q1,STRR200-289,"STRR200-289 CO 10A, US 50B, CO 69A, CO 165","TLM CONSTRUCTORS, INC.",2,R,6,1084179.78,57.06
cdot_2026q1_tap0703_530,HOGBACK TRAILS ADJACENT TO I-7,CDOT,CO,Colorado / CDOT District 1,Roadway,2026-03-19,cdot_cost_data_book_2026_q1,TAP0703-530,TAP0703-530 HOGBACK TRAILS ADJACENT TO I-7,RDZ Build,1,M,3,2437169.75,143.36
cdot_2025q4_2670171_111,SH 17 FROM APPROXIMATE MP 2.4,CDOT,CO,Colorado / CDOT District 5,Roadway,2025-12-04,cdot_cost_data_book_2025_q4,2670171-111,2670171-111 SH 17 FROM APPROXIMATE MP 2.4,"OLDCASTLE SW GROUP, INC.",5,R,1,9174121.50,105.58
cdot_2025q4_2670252_499,I-25:MOBILITY HUB (LONE TREE),CDOT,CO,Colorado / CDOT District 1,Roadway,2025-01-16,cdot_cost_data_book_2025_q4,2670252-499,2670252-499 I-25:MOBILITY HUB (LONE TREE),"STRUCTURES, INC.",1,R,6,16509889.28,142.33
cdot_2025q4_br0402_109,US40 MP 108.4 OVER SHELTON DIT,CDOT,CO,Colorado / CDOT District 3,Roadway,2025-12-18,cdot_cost_data_book_2025_q4,BR0402-109,BR0402-109 US40 MP 108.4 OVER SHELTON DIT,"OLDCASTLE SW GROUP, INC.",3,M,5,2440781.14,152.07
cdot_2025q4_br0704_265,I-70 EAST,CDOT,CO,Colorado / CDOT District 1,Roadway,2025-07-24,cdot_cost_data_book_2025_q4,BR0704-265,BR0704-265 I-70 EAST,"STRUCTURES, INC.",1,R,4,7235022.57,99.21
cdot_2025q4_br0761_249,I-76,CDOT,CO,Colorado / CDOT District 4,Roadway,2025-02-27,cdot_cost_data_book_2025_q4,BR0761-249,BR0761-249 I-76,RDZ Build,4,U,6,3259684.20,101.57
cdot_2025q4_brr100_400,"VAR LOCATIONS R1 I25, I225 & I",CDOT,CO,Colorado / CDOT District 1,Roadway,2025-02-06,cdot_cost_data_book_2025_q4,BRR100-400,"BRR100-400 VAR LOCATIONS R1 I25, I225 & I",Native Sun Materials Inc,1,U,4,2684443.68,76.70
cdot_2025q4_c0063_067,US 6 PALISADE IMPROVEMENTS MP,CDOT,CO,Colorado / CDOT District 3,Roadway,2025-10-30,cdot_cost_data_book_2025_q4,C0063-067,C0063-067 US 6 PALISADE IMPROVEMENTS MP,"KSK, LLC",3,U,6,7160000.00,84.32
cdot_2025q4_c0142_070,SH 14 MP 75.5-85,CDOT,CO,Colorado / CDOT District 4,Roadway,2025-08-14,cdot_cost_data_book_2025_q4,C0142-070,C0142-070 SH 14 MP 75.5-85,"SUBSURFACE, INC",4,M,3,196525.00,71.58
cdot_2025q4_c0405_042,"US 40 IN DEER TRAIL, PINE ST T",CDOT,CO,Colorado / CDOT District 1,Roadway,2025-06-05,cdot_cost_data_book_2025_q4,C0405-042,"C0405-042 US 40 IN DEER TRAIL, PINE ST T","Myers & Sons Construction, LLC",1,R,5,672753.24,140.16
cdot_2025q4_c0821_113,CO-82 & Catherine Store Signal,CDOT,CO,Colorado / CDOT District 3,Roadway,2025-04-17,cdot_cost_data_book_2025_q4,C0821-113,C0821-113 CO-82 & Catherine Store Signal,"MORTON ELECTRIC, INC.",3,M,1,635240.00,103.20
cdot_2025q4_c1601_088,US 160 SIGNALS MILDRED & HARRI,CDOT,CO,Colorado / CDOT District 5,Roadway,2025-11-13,cdot_cost_data_book_2025_q4,C1601-088,C1601-088 US 160 SIGNALS MILDRED & HARRI,"MORTON ELECTRIC, INC.",5,U,2,1379406.89,95.90
cdot_2025q4_cr400_400,VARIOUS LOCATIONS THROUGHOUT R,CDOT,CO,Colorado / CDOT District 4,Roadway,2025-08-14,cdot_cost_data_book_2025_q4,CR400-400,CR400-400 VARIOUS LOCATIONS THROUGHOUT R,"GOODLAND CONSTRUCTION, INC.",4,R,4,2394994.00,104.14
cdot_2025q4_cr400_406,REGION-WIDE,CDOT,CO,Colorado / CDOT District 4,Roadway,2025-07-17,cdot_cost_data_book_2025_q4,CR400-406,CR400-406 REGION-WIDE,"SUBSURFACE, INC",4,P,3,1864082.67,107.38
cdot_2025q4_er060a_028,CO 60 (MP 9-10),CDOT,CO,Colorado / CDOT District 4,Roadway,2025-06-18,cdot_cost_data_book_2025_q4,ER060A-028,ER060A-028 CO 60 (MP 9-10),"CONNELL RESOURCES, INC.",4,U,2,488198.00,110.27
cdot_2025q4_fbr0063_066,US 6D IN GARFIELD COUNTY,CDOT,CO,Colorado / CDOT District 3,Roadway,2025-08-15,cdot_cost_data_book_2025_q4,FBR0063-066,FBR0063-066 US 6D IN GARFIELD COUNTY,"RALPH L. WADSWORTH CONSTRUCTION CO., LLC",3,M,1,10092629.21,102.62
cdot_2025q4_fbr0703_534,I-70,CDOT,CO,Colorado / CDOT District 1,Roadway,2025-04-11,cdot_cost_data_book_2025_q4,FBR0703-534,FBR0703-534 I-70,"KRAEMER NORTH AMERICA, LLC",1,M,1,434861012.42,101.08
cdot_2025q4_fbr0704_269,I-70 EAST,CDOT,CO,Colorado / CDOT District 1,Roadway,2025-07-24,cdot_cost_data_book_2025_q4,FBR0704-269,FBR0704-269 I-70 EAST,"STRUCTURES, INC.",1,R,4,7235022.57,99.21
cdot_2025q4_fbr086a_061,CO 86 (MP 22.75-22.89),CDOT,CO,Colorado / CDOT District 4,Roadway,2025-12-18,cdot_cost_data_book_2025_q4,FBR086A-061,FBR086A-061 CO 86 (MP 22.75-22.89),"HUDICK EXCAVATING, INC.",4,P,10,5097021.85,91.20
cdot_2025q4_fbr2851_014,US 50 CONEJOS RIVER BRIDGE STR,CDOT,CO,Colorado / CDOT District 5,Roadway,2025-09-18,cdot_cost_data_book_2025_q4,FBR2851-014,FBR2851-014 US 50 CONEJOS RIVER BRIDGE STR,W.W. CLYDE & CO.,5,R,5,2866394.00,78.47
cdot_2025q4_fsa052a_053,SH 52 AND WCR 41 SIGNALIZATION,CDOT,CO,Colorado / CDOT District 4,Roadway,2025-09-11,cdot_cost_data_book_2025_q4,FSA052A-053,FSA052A-053 SH 52 AND WCR 41 SIGNALIZATION,"STURGEON ELECTRIC COMPANY, INC",4,P,5,597027.50,76.05
cdot_2025q4_itssw03_250,FRONT RANGE,CDOT,CO,Colorado / CDOT District 0,Roadway,2025-06-26,cdot_cost_data_book_2025_q4,ITSSW03-250,ITSSW03-250 FRONT RANGE,"DILLIE AND KUHN, INC.",0,P,4,5379255.25,118.96
cdot_2025q4_itssw03_417,STATEWIDE,CDOT,CO,Colorado / CDOT District 0,Roadway,2025-12-04,cdot_cost_data_book_2025_q4,ITSSW03-417,ITSSW03-417 STATEWIDE,"LIGHTHOUSE TRANSPORTATION GROUP, LLC",0,M,4,5688636.50,104.13
cdot_2025q4_mtce0361_135,US-36B FROM MP 0.00-33.76 IN B,CDOT,CO,Colorado / CDOT District 4,Roadway,2025-06-05,cdot_cost_data_book_2025_q4,MTCE0361-135,MTCE0361-135 US-36B FROM MP 0.00-33.76 IN B,"WORK ZONE TRAFFIC CONTROL, LLC",4,R,4,928777.95,106.00
cdot_2025q4_mtce0402_112,REGION 3 STENCIL PROJECT ON HI,CDOT,CO,Colorado / CDOT District 3,Roadway,2025-07-03,cdot_cost_data_book_2025_q4,MTCE0402-112,MTCE0402-112 REGION 3 STENCIL PROJECT ON HI,"ROADSAFE TRAFFIC SYSTEMS, INC",3,M,2,448562.85,89.86
cdot_2025q4_mtce0702_434,"I-70 MP 130 TO 168, REGION 3",CDOT,CO,Colorado / CDOT District 3,Roadway,2025-07-03,cdot_cost_data_book_2025_q4,MTCE0702-434,"MTCE0702-434 I-70 MP 130 TO 168, REGION 3",Barricade Holdings LLC,3,M,3,656656.00,131.43
cdot_2025q4_mtce0703_541,I-70 EISENHOWER-JOHNSON MEMORI,CDOT,CO,Colorado / CDOT District 1,Roadway,2025-07-24,cdot_cost_data_book_2025_q4,MTCE0703-541,MTCE0703-541 I-70 EISENHOWER-JOHNSON MEMORI,"BRANNAN SAND AND GRAVEL, LLC",1,M,1,2769129.65,173.07
cdot_2025q4_mtcer100_428,"I-25 (DENVER TO MONUMENT), I-7",CDOT,CO,Colorado / CDOT District 1,Roadway,2025-10-23,cdot_cost_data_book_2025_q4,MTCER100-428,"MTCER100-428 I-25 (DENVER TO MONUMENT), I-7",CC ENTRPRS TRAFFIC CONTROL SPECIALISTS,1,U,3,195959.50,54.43
cdot_2025q4_mtcer200_296,REGION 2 VARIOUS HIGHWAYS AND,CDOT,CO,Colorado / CDOT District 2,Roadway,2025-03-13,cdot_cost_data_book_2025_q4,MTCER200-296,MTCER200-296 REGION 2 VARIOUS HIGHWAYS AND,"ROADSAFE TRAFFIC SYSTEMS, INC",2,R,2,993522.30,90.32
cdot_2025q4_mtcer200_297,REGION 2 EL PASO COUNTY COLORA,CDOT,CO,Colorado / CDOT District 2,Roadway,2025-11-13,cdot_cost_data_book_2025_q4,MTCER200-297,MTCER200-297 REGION 2 EL PASO COUNTY COLORA,"C & D ELECTRIC, INC.",2,U,3,235510.00,94.20
cdot_2025q4_mtcer200_299,R2 VARIOUS HIGHWAYS AND COUTNI,CDOT,CO,Colorado / CDOT District 2,Roadway,2025-06-26,cdot_cost_data_book_2025_q4,MTCER200-299,MTCER200-299 R2 VARIOUS HIGHWAYS AND COUTNI,"ROADSAFE TRAFFIC SYSTEMS, INC",2,R,1,3546943.50,110.84
cdot_2025q4_mtcer200_301,R2 VARIOUS HIGHWAYS AND COUNTI,CDOT,CO,Colorado / CDOT District 2,Roadway,2025-08-21,cdot_cost_data_book_2025_q4,MTCER200-301,MTCER200-301 R2 VARIOUS HIGHWAYS AND COUNTI,"WORK ZONE TRAFFIC CONTROL, LLC",2,R,2,1781582.00,98.98
cdot_2025q4_mtcer300_288,I-70 MM 0-205 REGION WIDE,CDOT,CO,Colorado / CDOT District 3,Roadway,2025-05-08,cdot_cost_data_book_2025_q4,MTCER300-288,MTCER300-288 I-70 MM 0-205 REGION WIDE,"STREAMLINE MARKINGS, LLC",3,M,2,1994789.44,93.02
cdot_2025q4_mtcer400_411,SH157 MP3.518 D-16-DG AND I70,CDOT,CO,Colorado / CDOT District 4,Roadway,2025-08-21,cdot_cost_data_book_2025_q4,MTCER400-411,MTCER400-411 SH157 MP3.518 D-16-DG AND I70,"ABCO CONTRACTING, INC.",4,U,4,612588.00,79.12
cdot_2025q4_mtcer400_415,REGION 4,CDOT,CO,Colorado / CDOT District 4,Roadway,2025-10-16,cdot_cost_data_book_2025_q4,MTCER400-415,MTCER400-415 REGION 4,"STREAMLINE MARKINGS, LLC",4,R,2,2542335.29,91.38
cdot_2025q4_mtcer500_233,REGION 5,CDOT,CO,Colorado / CDOT District 5,Roadway,2025-03-06,cdot_cost_data_book_2025_q4,MTCER500-233,MTCER500-233 REGION 5,"STREAMLINE MARKINGS, LLC",5,R,6,1834021.50,71.81
cdot_2025q4_nh0243_097,US 24 - MP 332.02 TO MP 342.65,CDOT,CO,Colorado / CDOT District 2,Roadway,2025-11-06,cdot_cost_data_book_2025_q4,NH0243-097,NH0243-097 US 24 - MP 332.02 TO MP 342.65,EDW. C. LEVY CO.,2,P,2,11325943.09,100.23
cdot_2025q4_nh160a_036,US160A HUERFANO MP 294.4 TO 30,CDOT,CO,Colorado / CDOT District 2,Roadway,2025-11-20,cdot_cost_data_book_2025_q4,NH160A-036,NH160A-036 US160A HUERFANO MP 294.4 TO 30,"OLDCASTLE SW GROUP, INC.",2,R,2,9155884.13,78.93
cdot_2025q4_nhpp0062_040,VASQUEZ BLVD - I270 TO 64TH -,CDOT,CO,Colorado / CDOT District 6,Roadway,2025-05-23,cdot_cost_data_book_2025_q4,NHPP0062-040,NHPP0062-040 VASQUEZ BLVD - I270 TO 64TH -,"JALISCO INTERNATIONAL, INC.",6,U,1,10683069.23,100.00
cdot_2025q4_nhpp0072_033,CO7 28TH ST TO CHERRYVALE RD (,CDOT,CO,Colorado / CDOT District 4,Roadway,2025-02-20,cdot_cost_data_book_2025_q4,NHPP0072-033,NHPP0072-033 CO7 28TH ST TO CHERRYVALE RD (,"ASPHALT SPECIALTIES CO., INC.",4,U,4,8058760.55,87.60
cdot_2025q4_nhpp0241_070,US 24 MP 192.73 TO 202.30,CDOT,CO,Colorado / CDOT District 5,Roadway,2025-10-23,cdot_cost_data_book_2025_q4,NHPP0241-070,NHPP0241-070 US 24 MP 192.73 TO 202.30,"OLDCASTLE SW GROUP, INC.",5,R,4,6480440.65,85.53
cdot_2025q4_nhpp0253_302,I-25 SEGMENT 5 (MP 242.5 TO 25,CDOT,CO,Colorado / CDOT District 4,Roadway,2025-09-26,cdot_cost_data_book_2025_q4,NHPP0253-302,NHPP0253-302 I-25 SEGMENT 5 (MP 242.5 TO 25,"RLW/SEMA, A Joint Venture",4,U,1,78893355.45,101.90
cdot_2025q4_nhpp0402_107,"R3 US 40 MILNER EAST AND WEST,",CDOT,CO,Colorado / CDOT District 3,Roadway,2025-12-11,cdot_cost_data_book_2025_q4,NHPP0402-107,"NHPP0402-107 R3 US 40 MILNER EAST AND WEST,","OLDCASTLE SW GROUP, INC.",3,M,2,12017516.10,84.03
cdot_2025q4_nhpp0403_063,US40 RESURFACING MP 252-258.3,CDOT,CO,Colorado / CDOT District 1,Roadway,2025-03-27,cdot_cost_data_book_2025_q4,NHPP0403-063,NHPP0403-063 US40 RESURFACING MP 252-258.3,"OLDCASTLE SW GROUP, INC.",1,M,4,11822056.73,104.62
cdot_2025q4_nhpp0403_069,US 40 MP 215.90 - 219.88 IN GR,CDOT,CO,Colorado / CDOT District 3,Roadway,2025-02-06,cdot_cost_data_book_2025_q4,NHPP0403-069,NHPP0403-069 US 40 MP 215.90 - 219.88 IN GR,"OLDCASTLE SW GROUP, INC.",3,M,2,5792196.70,91.19
cdot_2025q4_nhpp0501_071,US50 DELTA RESURFACE MP 72 WES,CDOT,CO,Colorado / CDOT District 3,Roadway,2025-12-11,cdot_cost_data_book_2025_q4,NHPP0501-071,NHPP0501-071 US50 DELTA RESURFACE MP 72 WES,"OLDCASTLE SW GROUP, INC.",3,U,2,7587320.55,74.11
cdot_2025q4_nhpp0501_080,SH50A MP 89.93 CEADAR CREEK,CDOT,CO,Colorado / CDOT District 3,Roadway,2025-06-12,cdot_cost_data_book_2025_q4,NHPP0501-080,NHPP0501-080 SH50A MP 89.93 CEADAR CREEK,"RIDGWAY VALLEY ENTERPRISES, INC.",3,R,4,4999614.34,65.64
cdot_2025q4_nhpp0701_257,MP 138-148 ON I-70 IN EAGLE CO,CDOT,CO,Colorado / CDOT District 3,Roadway,2025-12-04,cdot_cost_data_book_2025_q4,NHPP0701-257,NHPP0701-257 MP 138-148 ON I-70 IN EAGLE CO,"Kilgore Companies, LLC dba Elam Construc",3,M,2,18121443.25,98.25
cdot_2025q4_nhpp0701_260,I-70 MP 80.5 TO MP 88 IN GARFI,CDOT,CO,Colorado / CDOT District 3,Roadway,2025-12-04,cdot_cost_data_book_2025_q4,NHPP0701-260,NHPP0701-260 I-70 MP 80.5 TO MP 88 IN GARFI,"Kilgore Companies, LLC dba Elam Construc",3,M,2,8192268.13,81.69
cdot_2025q4_nhpp0702_428,I-70 THROUGH GLENWOOD CANYON I,CDOT,CO,Colorado / CDOT District 3,Roadway,2025-01-30,cdot_cost_data_book_2025_q4,NHPP0702-428,NHPP0702-428 I-70 THROUGH GLENWOOD CANYON I,"KSK, LLC",3,M,5,6295000.00,83.20
cdot_2025q4_nhpp0703_517,I-70 TOP OF FLOYD HILL TO VETE,CDOT,CO,Colorado / CDOT District 1,Roadway,2025-04-11,cdot_cost_data_book_2025_q4,NHPP0703-517,NHPP0703-517 I-70 TOP OF FLOYD HILL TO VETE,"KRAEMER NORTH AMERICA, LLC",1,M,1,434861012.42,101.08
cdot_2025q4_nhpp0703_536,I-70 DILLON TO EJMT MM 204 TO,CDOT,CO,Colorado / CDOT District 3,Roadway,2025-05-08,cdot_cost_data_book_2025_q4,NHPP0703-536,NHPP0703-536 I-70 DILLON TO EJMT MM 204 TO,"AMERICAN WEST CONSTRUCTION, LLC",3,M,1,3373121.00,76.40
cdot_2025q4_nhpp0704_260,I-70 AND PENA BLVD OVERPASS,CDOT,CO,Colorado / CDOT District 6,Roadway,2025-08-21,cdot_cost_data_book_2025_q4,NHPP0704-260,NHPP0704-260 I-70 AND PENA BLVD OVERPASS,"Myers & Sons Construction, LLC",6,R,5,818181.81,90.91
cdot_2025q4_nhpp0705_083,I-70: SEIBERT EAST PART 2,CDOT,CO,Colorado / CDOT District 4,Roadway,2025-12-04,cdot_cost_data_book_2025_q4,NHPP0705-083,NHPP0705-083 I-70: SEIBERT EAST PART 2,Harper Brothers Construction LLC,4,P,5,30092191.10,102.16
cdot_2025q4_nhpp070a_042,I70B EAST OF 3RD STREET,CDOT,CO,Colorado / CDOT District 3,Roadway,2025-10-16,cdot_cost_data_book_2025_q4,NHPP070A-042,NHPP070A-042 I70B EAST OF 3RD STREET,Native Sun Materials Inc,3,U,4,13244314.90,86.05
cdot_2025q4_nhpp085a_020,US85:I-76 TO 124TH AVENUE OVER,CDOT,CO,Colorado / CDOT District 6,Roadway,2025-03-20,cdot_cost_data_book_2025_q4,NHPP085A-020,NHPP085A-020 US85:I-76 TO 124TH AVENUE OVER,"OLDCASTLE SW GROUP, INC.",6,R,3,7290197.96,96.69
cdot_2025q4_nhpp1602_194,US 160 MP 174.1,CDOT,CO,Colorado / CDOT District 5,Roadway,2025-12-11,cdot_cost_data_book_2025_q4,NHPP1602-194,NHPP1602-194 US 160 MP 174.1,"ABCO CONTRACTING, INC.",5,M,4,1791461.00,70.70
cdot_2025q4_nhpp2254_095,I-225 @ 2ND AND 6TH AVES,CDOT,CO,Colorado / CDOT District 1,Roadway,2025-05-22,cdot_cost_data_book_2025_q4,NHPP2254-095,NHPP2254-095 I-225 @ 2ND AND 6TH AVES,"STRUCTURES, INC.",1,U,3,2780679.42,86.90
cdot_2025q4_nhpp2706_048,I-270 MP 0 - MP 5,CDOT,CO,Colorado / CDOT District 6,Roadway,2025-12-04,cdot_cost_data_book_2025_q4,NHPP2706-048,NHPP2706-048 I-270 MP 0 - MP 5,"ABCO CONTRACTING, INC.",6,R,4,4834255.00,80.57
cdot_2025q4_nhpp2706_054,I-270/SAND CREEK DRIVE REPAIR,CDOT,CO,Colorado / CDOT District 6,Roadway,2025-03-27,cdot_cost_data_book_2025_q4,NHPP2706-054,NHPP2706-054 I-270/SAND CREEK DRIVE REPAIR,"TRICON 2, LLC",6,P,3,247000.00,98.80
cdot_2025q4_nhpp2851_009,US 285 CONEJOS RIVER BRIDGES,CDOT,CO,Colorado / CDOT District 5,Roadway,2025-09-18,cdot_cost_data_book_2025_q4,NHPP2851-009,NHPP2851-009 US 285 CONEJOS RIVER BRIDGES,W.W. CLYDE & CO.,5,R,5,2866394.00,78.47
cdot_2025q4_nhpp2873_206,US287:RESURFACING I-70 TO 92ND,CDOT,CO,Colorado / CDOT District 6,Roadway,2025-01-09,cdot_cost_data_book_2025_q4,NHPP2873-206,NHPP2873-206 US287:RESURFACING I-70 TO 92ND,"BRANNAN SAND AND GRAVEL, LLC",6,U,3,12912912.00,96.97
cdot_2025q4_nhppr100_420,VARIOUS LOCATIONS IN REGION 1,CDOT,CO,Colorado / CDOT District 1,Roadway,2025-06-05,cdot_cost_data_book_2025_q4,NHPPR100-420,NHPPR100-420 VARIOUS LOCATIONS IN REGION 1,"INSITUFORM TECHNOLOGIES, LLC",1,U,3,2422341.00,89.88
cdot_2025q4_nhppr500_227,REGION 5 SECTION 7,CDOT,CO,Colorado / CDOT District 5,Roadway,2025-10-23,cdot_cost_data_book_2025_q4,NHPPR500-227,NHPPR500-227 REGION 5 SECTION 7,"ABCO CONTRACTING, INC.",5,R,4,2065188.00,84.46
cdot_2025q4_she0881_032,FEDERAL BLVD SIGNALS 41st and,CDOT,CO,Colorado / CDOT District 1,Roadway,2025-02-13,cdot_cost_data_book_2025_q4,SHE0881-032,SHE0881-032 FEDERAL BLVD SIGNALS 41st and,Adiona Transportation Solutions LLC,1,U,6,934434.00,84.95
cdot_2025q4_she1211_107,WADSWORTH BLVD & EVANS AVE,CDOT,CO,Colorado / CDOT District 1,Roadway,2025-07-17,cdot_cost_data_book_2025_q4,SHE1211-107,SHE1211-107 WADSWORTH BLVD & EVANS AVE,"LIGHTHOUSE TRANSPORTATION GROUP, LLC",1,U,4,655850.00,91.73
cdot_2025q4_sher100_414,"SH 74/KERRGULCH;SH83/GILLIAN,R",CDOT,CO,Colorado / CDOT District 1,Roadway,2025-08-14,cdot_cost_data_book_2025_q4,SHER100-414,"SHER100-414 SH 74/KERRGULCH;SH83/GILLIAN,R","STURGEON ELECTRIC COMPANY, INC",1,R,4,1459900.10,48.66
cdot_2025q4_sher200_309,REGION 2 WIDE VARIOUS LOCATION,CDOT,CO,Colorado / CDOT District 2,Roadway,2025-12-04,cdot_cost_data_book_2025_q4,SHER200-309,SHER200-309 REGION 2 WIDE VARIOUS LOCATION,"MORTON ELECTRIC, INC.",2,U,5,382111.03,107.64
cdot_2025q4_spfs2706_055,I-270 MP 0-3,CDOT,CO,Colorado / CDOT District 6,Roadway,2025-09-26,cdot_cost_data_book_2025_q4,SPFS2706-055,SPFS2706-055 I-270 MP 0-3,KIEWIT INFRASTRUCTURE CO.,6,R,1,1373255.58,107.65
cdot_2025q4_sta119a_078,CO 119 (MM 44.237-55.5),CDOT,CO,Colorado / CDOT District 4,Roadway,2025-07-11,cdot_cost_data_book_2025_q4,STA119A-078,STA119A-078 CO 119 (MM 44.237-55.5),"KRAEMER NORTH AMERICA, LLC",4,U,1,19859813.00,98.67
cdot_2025q4_sta157a_013,CO 157 (MM 2.8-4.5),CDOT,CO,Colorado / CDOT District 4,Roadway,2025-12-04,cdot_cost_data_book_2025_q4,STA157A-013,STA157A-013 CO 157 (MM 2.8-4.5),"ACME CONCRETE PAVING, INC.",4,U,3,4299635.45,91.66
cdot_2025q4_stam765_015,"US50/MAPLE & US287/CEDAR, LAMA",CDOT,CO,Colorado / CDOT District 2,Roadway,2025-04-10,cdot_cost_data_book_2025_q4,STAM765-015,"STAM765-015 US50/MAPLE & US287/CEDAR, LAMA","MORTON ELECTRIC, INC.",2,U,2,1482502.69,92.66
cdot_2025q4_star500_223,"SH50 MM 189.71, US550 MM 98.33",CDOT,CO,Colorado / CDOT District 5,Roadway,2025-05-01,cdot_cost_data_book_2025_q4,STAR500-223,"STAR500-223 SH50 MM 189.71, US550 MM 98.33","STRUCTURES, INC.",5,R,4,963303.00,88.88
cdot_2025q4_star500_226,"R5 HWYS 550, 491, 285, 184, 17",CDOT,CO,Colorado / CDOT District 5,Roadway,2025-12-18,cdot_cost_data_book_2025_q4,STAR500-226,"STAR500-226 R5 HWYS 550, 491, 285, 184, 17",Native Sun Materials Inc,5,M,3,8859322.69,130.53
cdot_2025q4_star500_228,REGION 5,CDOT,CO,Colorado / CDOT District 5,Roadway,2025-05-08,cdot_cost_data_book_2025_q4,STAR500-228,STAR500-228 REGION 5,"AMERICAN WEST CONSTRUCTION, LLC",5,R,3,1581538.00,80.65
cdot_2025q4_stm0132_025,"CO13 MM 90.2, US40Z MM 0.65, M",CDOT,CO,Colorado / CDOT District 3,Roadway,2025-01-30,cdot_cost_data_book_2025_q4,STM0132-025,"STM0132-025 CO13 MM 90.2, US40Z MM 0.65, M","STURGEON ELECTRIC COMPANY, INC",3,U,3,1280705.00,83.07
cdot_2025q4_stm0503_096,PUEBLO COUNTY LINE TO PURCELL,CDOT,CO,Colorado / CDOT District 2,Roadway,2025-12-18,cdot_cost_data_book_2025_q4,STM0503-096,STM0503-096 PUEBLO COUNTY LINE TO PURCELL,MARTIN MARIETTA MATERIALS,2,P,3,12305350.98,85.45
cdot_2025q4_stm052a_062,CO52A RESURFACING I25 TO US85,CDOT,CO,Colorado / CDOT District 4,Roadway,2025-11-20,cdot_cost_data_book_2025_q4,STM052A-062,STM052A-062 CO52A RESURFACING I25 TO US85,"ASPHALT SPECIALTIES CO., INC.",4,P,5,8874349.77,87.61
cdot_2025q4_stm141a_057,SH141 GATEWAY MP 120 SOUTH,CDOT,CO,Colorado / CDOT District 3,Roadway,2025-03-27,cdot_cost_data_book_2025_q4,STM141A-057,STM141A-057 SH141 GATEWAY MP 120 SOUTH,"Kilgore Companies, LLC dba Elam Construc",3,M,2,7979767.68,85.17
cdot_2025q4_stm2873_232,SH287 & LCR 72 AND US287 & OWL,CDOT,CO,Colorado / CDOT District 4,Roadway,2025-04-24,cdot_cost_data_book_2025_q4,STM2873-232,STM2873-232 SH287 & LCR 72 AND US287 & OWL,MARTIN MARIETTA MATERIALS,4,R,3,617732.65,77.22
cdot_2025q4_stm318a_002,SH 318 MP 1.25 IN MOFFAT COUNT,CDOT,CO,Colorado / CDOT District 3,Roadway,2025-10-23,cdot_cost_data_book_2025_q4,STM318A-002,STM318A-002 SH 318 MP 1.25 IN MOFFAT COUNT,"Myers & Sons Construction, LLC",3,M,8,2095785.00,110.44
cdot_2025q4_stm340a_022,CO 340 GRAND AVE TO REDLANDS P,CDOT,CO,Colorado / CDOT District 3,Roadway,2025-12-04,cdot_cost_data_book_2025_q4,STM340A-022,STM340A-022 CO 340 GRAND AVE TO REDLANDS P,"OLDCASTLE SW GROUP, INC.",3,R,3,5609674.21,103.93
cdot_2025q4_stmm153_003,CO 17 & SOUTH OF CO 14,CDOT,CO,Colorado / CDOT District 4,Roadway,2025-05-08,cdot_cost_data_book_2025_q4,STMM153-003,STMM153-003 CO 17 & SOUTH OF CO 14,"CASTLE ROCK CONST. CO. OF COLO, LLC",4,P,3,3502761.33,71.82
cdot_2025q4_str012a_054,SH12 MP 46.7 to MP 48.1,CDOT,CO,Colorado / CDOT District 2,Roadway,2025-10-23,cdot_cost_data_book_2025_q4,STR012A-054,STR012A-054 SH12 MP 46.7 to MP 48.1,"OLDCASTLE SW GROUP, INC.",2,M,5,3489752.57,83.09
cdot_2025q4_str025a_054,I-25C NORTH OUT OF WALSENBURG,CDOT,CO,Colorado / CDOT District 2,Roadway,2025-09-18,cdot_cost_data_book_2025_q4,STR025A-054,STR025A-054 I-25C NORTH OUT OF WALSENBURG,"Siete, Inc.",2,R,8,5987513.44,89.37
cdot_2025q4_str050a_042,FREMONT COUNTY IN R2,CDOT,CO,Colorado / CDOT District 2,Roadway,2025-09-11,cdot_cost_data_book_2025_q4,STR050A-042,STR050A-042 FREMONT COUNTY IN R2,"INSITUFORM TECHNOLOGIES, LLC",2,R,5,1440920.00,96.06
cdot_2025q4_str069a_036,SH 69 M.P. 71.53 TO M.P. 82.66,CDOT,CO,Colorado / CDOT District 2,Roadway,2025-11-06,cdot_cost_data_book_2025_q4,STR069A-036,STR069A-036 SH 69 M.P. 71.53 TO M.P. 82.66,"OLDCASTLE SW GROUP, INC.",2,M,2,7999978.41,97.56
cdot_2025q4_str141a_056,SH 141 MP 85.5 K-01-B BRIDGE,CDOT,CO,Colorado / CDOT District 5,Roadway,2025-02-28,cdot_cost_data_book_2025_q4,STR141A-056,STR141A-056 SH 141 MP 85.5 K-01-B BRIDGE,"Myers & Sons Construction, LLC",5,R,4,2088196.75,87.92
cdot_2025q4_str3501_019,MINDEMAN TO EAST OF SH 71 JUNC,CDOT,CO,Colorado / CDOT District 2,Roadway,2025-11-20,cdot_cost_data_book_2025_q4,STR3501-019,STR3501-019 MINDEMAN TO EAST OF SH 71 JUNC,"BETTIS ASPHALT & CONSTRUCTION, INC.",2,P,2,6675478.19,84.50
cdot_2025q4_strr200_288,"CO 9B, US 24A, US 24G, CO 67C,",CDOT,CO,Colorado / CDOT District 2,Roadway,2025-01-16,cdot_cost_data_book_2025_q4,STRR200-288,"STRR200-288 CO 9B, US 24A, US 24G, CO 67C,","Lobato Construction, LLC",2,M,7,1798366.30,62.01
cdot_2025q4_stu1191_044,CO119 AND CO 7 FROM US36 (28TH,CDOT,CO,Colorado / CDOT District 4,Roadway,2025-04-03,cdot_cost_data_book_2025_q4,STU1191-044,STU1191-044 CO119 AND CO 7 FROM US36 (28TH,"BRANNAN SAND AND GRAVEL, LLC",4,U,1,4654489.73,97.02
cdot_2024q4_2670252_504,I25 GREENLAND WILDLIFE OVERPAS,CDOT,CO,Colorado / CDOT District 1,Roadway,2024-10-24,cdot_cost_data_book_2024_q4,2670252-504,2670252-504 I25 GREENLAND WILDLIFE OVERPAS,"KRAEMER NORTH AMERICA, LLC",1,R,8,14831421.18,63.11
cdot_2024q4_2670253_288,I-25 & SH-7,CDOT,CO,Colorado / CDOT District 6,Roadway,2024-12-19,cdot_cost_data_book_2024_q4,2670253-288,2670253-288 I-25 & SH-7,"HUDICK EXCAVATING, INC.",6,R,5,13475476.00,101.32
cdot_2024q4_2670703_511,"HWY 40, I-70 INTERCHANGE (EL R",CDOT,CO,Colorado / CDOT District 1,Roadway,2024-05-16,cdot_cost_data_book_2024_q4,2670703-511,"2670703-511 HWY 40, I-70 INTERCHANGE (EL R","KRAEMER NORTH AMERICA, LLC",1,M,3,4080829.29,90.69
cdot_2024q4_267151a_011,SH 151 MM 12.8 - 26,CDOT,CO,Colorado / CDOT District 5,Roadway,2024-10-31,cdot_cost_data_book_2024_q4,267151A-011,267151A-011 SH 151 MM 12.8 - 26,"Kilgore Companies, LLC dba Elam Construc",5,R,3,7767133.15,91.61
cdot_2024q4_br0061_093,TIMBER BRIDGE REPLACEMENTS NEA,CDOT,CO,Colorado / CDOT District 4,Roadway,2024-10-17,cdot_cost_data_book_2024_q4,BR0061-093,BR0061-093 TIMBER BRIDGE REPLACEMENTS NEA,W.W. CLYDE & CO.,4,P,9,19126166.00,93.54
cdot_2024q4_br025a_049,PUEBLO,CDOT,CO,Colorado / CDOT District 2,Roadway,2024-08-15,cdot_cost_data_book_2024_q4,BR025A-049,BR025A-049 PUEBLO,"SEMA CONSTRUCTION, INC.",2,U,4,105158918.35,104.20
cdot_2024q4_br0505_054,050B LAS ANIMAS - BRIDGE STRUC,CDOT,CO,Colorado / CDOT District 2,Roadway,2024-08-01,cdot_cost_data_book_2024_q4,BR0505-054,BR0505-054 050B LAS ANIMAS - BRIDGE STRUC,"Myers & Sons Construction, LLC",2,P,5,10329636.00,127.53
cdot_2024q4_br0705_090,I-70 (MP 361-395),CDOT,CO,Colorado / CDOT District 4,Roadway,2024-11-21,cdot_cost_data_book_2024_q4,BR0705-090,BR0705-090 I-70 (MP 361-395),"STRUCTURES, INC.",4,P,4,5219632.63,108.82
cdot_2024q4_br0761_248,VARIOUS LOCATIONS ALONG I76 &,CDOT,CO,Colorado / CDOT District 1,Roadway,2024-07-11,cdot_cost_data_book_2024_q4,BR0761-248,BR0761-248 VARIOUS LOCATIONS ALONG I76 &,"ABCO CONTRACTING, INC.",1,U,2,7438813.00,95.37
cdot_2024q4_br144a_004,"CO 144A: STRUCTURE C-21-D, MP",CDOT,CO,Colorado / CDOT District 4,Roadway,2024-05-09,cdot_cost_data_book_2024_q4,BR144A-004,"BR144A-004 CO 144A: STRUCTURE C-21-D, MP",AB Underground,4,P,5,1311279.00,97.13
cdot_2024q4_br2872_021,US 40/287 - MP 417.7 TO 419.5,CDOT,CO,Colorado / CDOT District 4,Roadway,2024-02-08,cdot_cost_data_book_2024_q4,BR2872-021,BR2872-021 US 40/287 - MP 417.7 TO 419.5,"CASTLE ROCK CONST. CO. OF COLO, LLC",4,P,6,8981782.60,115.52
cdot_2024q4_c014a_004,CO 14 & LCR 5 South,CDOT,CO,Colorado / CDOT District 4,Roadway,2024-10-24,cdot_cost_data_book_2024_q4,C014A-004,C014A-004 CO 14 & LCR 5 South,Adiona Transportation Solutions LLC,4,P,5,430695.90,86.14
cdot_2024q4_c0402_101,US 40 AND DOWNHILL DRIVE IN ST,CDOT,CO,Colorado / CDOT District 3,Roadway,2024-01-11,cdot_cost_data_book_2024_q4,C0402-101,C0402-101 US 40 AND DOWNHILL DRIVE IN ST,"OLDCASTLE SW GROUP, INC.",3,R,1,7587094.00,135.49
cdot_2024q4_c0502_089,US 50/US 285 INTERSECTION & US,CDOT,CO,Colorado / CDOT District 5,Roadway,2024-01-18,cdot_cost_data_book_2024_q4,C0502-089,C0502-089 US 50/US 285 INTERSECTION & US,"OLDCASTLE SW GROUP, INC.",5,M,2,7358619.25,97.91
cdot_2024q4_c052a_051,SH52 MP 54.58 TO 60.753,CDOT,CO,Colorado / CDOT District 4,Roadway,2024-10-31,cdot_cost_data_book_2024_q4,C052A-051,C052A-051 SH52 MP 54.58 TO 60.753,AB Underground,4,P,5,5188517.45,100.48
cdot_2024q4_c0761_251,I-76 & E-470,CDOT,CO,Colorado / CDOT District 6,Roadway,2024-03-15,cdot_cost_data_book_2024_q4,C0761-251,C0761-251 I-76 & E-470,"AMERICAN WEST CONSTRUCTION, LLC",6,U,1,159400.00,159.40
cdot_2024q4_c0821_119,R3 SH 82 GARFIELD COUNTY RED H,CDOT,CO,Colorado / CDOT District 3,Roadway,2024-11-21,cdot_cost_data_book_2024_q4,C0821-119,C0821-119 R3 SH 82 GARFIELD COUNTY RED H,ROCK SUPREMACY LLC,3,M,7,1589246.45,84.52
cdot_2024q4_c0841_009,SH 84 EMBANKMENT SLOPE FAILURE,CDOT,CO,Colorado / CDOT District 5,Roadway,2024-02-29,cdot_cost_data_book_2024_q4,C0841-009,C0841-009 SH 84 EMBANKMENT SLOPE FAILURE,"DRILL TECH DRILLING & SHORING, INC.",5,M,4,4430539.30,92.32
cdot_2024q4_c133a_054,SH133 Rockfall Mitigation MP21,CDOT,CO,Colorado / CDOT District 3,Roadway,2024-05-09,cdot_cost_data_book_2024_q4,C133A-054,C133A-054 SH133 Rockfall Mitigation MP21,Access Limited Construction,3,M,3,1961623.67,64.69
cdot_2024q4_c1601_085,US 160D MANCOS CO,CDOT,CO,Colorado / CDOT District 5,Roadway,2024-12-19,cdot_cost_data_book_2024_q4,C1601-085,C1601-085 US 160D MANCOS CO,"MORTON ELECTRIC, INC.",5,R,2,2172249.50,117.51
cdot_2024q4_c1602_191,US 160 MP 174.0 WOLF CREEK TUN,CDOT,CO,Colorado / CDOT District 5,Roadway,2024-08-08,cdot_cost_data_book_2024_q4,C1602-191,C1602-191 US 160 MP 174.0 WOLF CREEK TUN,WILLIAMS CONSTRUCTION CONTRACTORS,5,M,1,986914.05,86.65
cdot_2024q4_c2852_024,"HWY 24, 50, 160, & 285",CDOT,CO,Colorado / CDOT District 5,Roadway,2024-01-25,cdot_cost_data_book_2024_q4,C2852-024,"C2852-024 HWY 24, 50, 160, & 285","AMERICAN WEST CONSTRUCTION, LLC",5,R,2,1957891.00,111.09
cdot_2024q4_c5502_113,US 550 WALL MP 56.7 & DEER CRE,CDOT,CO,Colorado / CDOT District 5,Roadway,2024-11-14,cdot_cost_data_book_2024_q4,C5502-113,C5502-113 US 550 WALL MP 56.7 & DEER CRE,"Myers & Sons Construction, LLC",5,M,4,3486780.52,80.65
cdot_2024q4_c5502_114,US 550 & 14TH ST DURANGO- MP 2,CDOT,CO,Colorado / CDOT District 5,Roadway,2024-02-15,cdot_cost_data_book_2024_q4,C5502-114,C5502-114 US 550 & 14TH ST DURANGO- MP 2,"MORTON ELECTRIC, INC.",5,U,2,1469215.00,110.99
cdot_2024q4_cr300_278,US 40 (MP 36.64) AND SH 394 (M,CDOT,CO,Colorado / CDOT District 3,Roadway,2024-12-19,cdot_cost_data_book_2024_q4,CR300-278,CR300-278 US 40 (MP 36.64) AND SH 394 (M,"AMERICAN WEST CONSTRUCTION, LLC",3,M,3,824948.00,57.48
cdot_2024q4_cr400_382,SH 66 MP 49.9 - 50.4,CDOT,CO,Colorado / CDOT District 4,Roadway,2024-01-04,cdot_cost_data_book_2024_q4,CR400-382,CR400-382 SH 66 MP 49.9 - 50.4,"EDGE CONTRACTING, INC.",4,P,3,748495.00,98.49
cdot_2024q4_cr400_401,"US 34 & N VAN BUREN AVE, CO 40",CDOT,CO,Colorado / CDOT District 4,Roadway,2024-07-11,cdot_cost_data_book_2024_q4,CR400-401,"CR400-401 US 34 & N VAN BUREN AVE, CO 40","MORTON ELECTRIC, INC.",4,U,5,802142.50,64.69
cdot_2024q4_er0171_112,"SH 17 MP 0.3, 3.0 EMERGENCY CU",CDOT,CO,Colorado / CDOT District 5,Roadway,2024-06-20,cdot_cost_data_book_2024_q4,ER0171-112,"ER0171-112 SH 17 MP 0.3, 3.0 EMERGENCY CU",Robins Construction LLLP,5,M,6,3292634.21,86.60
cdot_2024q4_fbr_025a_060,PUEBLO,CDOT,CO,Colorado / CDOT District 2,Roadway,2024-08-15,cdot_cost_data_book_2024_q4,FBR 025A-060,FBR 025A-060 PUEBLO,"SEMA CONSTRUCTION, INC.",2,U,4,105158918.35,104.20
cdot_2024q4_fbr0061_092,TIMBER BRIDGE REPLACEMENTS NEA,CDOT,CO,Colorado / CDOT District 4,Roadway,2024-10-17,cdot_cost_data_book_2024_q4,FBR0061-092,FBR0061-092 TIMBER BRIDGE REPLACEMENTS NEA,W.W. CLYDE & CO.,4,P,9,19126166.00,93.54
cdot_2024q4_fbr0502_098,US 50 BLUE MESA RESERVOIR,CDOT,CO,Colorado / CDOT District 3,Roadway,2024-07-01,cdot_cost_data_book_2024_q4,FBR0502-098,FBR0502-098 US 50 BLUE MESA RESERVOIR,KIEWIT INFRASTRUCTURE CO.,3,M,1,7757027.06,110.50
cdot_2024q4_fbr0502_099,US 50 BLUE MESA RESERVOIR,CDOT,CO,Colorado / CDOT District 3,Roadway,2024-08-30,cdot_cost_data_book_2024_q4,FBR0502-099,FBR0502-099 US 50 BLUE MESA RESERVOIR,KIEWIT INFRASTRUCTURE CO.,3,M,1,37556728.27,100.00
cdot_2024q4_fbr0502_100,US 50 BLUE MESA RESERVOIR,CDOT,CO,Colorado / CDOT District 3,Roadway,2024-09-25,cdot_cost_data_book_2024_q4,FBR0502-100,FBR0502-100 US 50 BLUE MESA RESERVOIR,KIEWIT INFRASTRUCTURE CO.,3,M,1,32162056.38,100.00
cdot_2024q4_fbr0702_425,I-70 MP 185.251 EAGLE COUNTY,CDOT,CO,Colorado / CDOT District 3,Roadway,2024-02-13,cdot_cost_data_book_2024_q4,FBR0702-425,FBR0702-425 I-70 MP 185.251 EAGLE COUNTY,KIEWIT INFRASTRUCTURE CO.,3,M,1,40837403.86,100.00
cdot_2024q4_fbr0703_528,I70,CDOT,CO,Colorado / CDOT District 1,Roadway,2024-06-25,cdot_cost_data_book_2024_q4,FBR0703-528,FBR0703-528 I70,"KRAEMER NORTH AMERICA, LLC",1,M,1,46780031.93,101.73
cdot_2024q4_fbr2853_005,US 285 MP 136.10 (STRUC J-12-A,CDOT,CO,Colorado / CDOT District 5,Roadway,2024-01-25,cdot_cost_data_book_2024_q4,FBR2853-005,FBR2853-005 US 285 MP 136.10 (STRUC J-12-A,"AMERICAN WEST CONSTRUCTION, LLC",5,R,2,1957891.00,111.09
cdot_2024q4_fbr2872_020,US 40/287 - MP 417.7 TO 419.0,CDOT,CO,Colorado / CDOT District 4,Roadway,2024-02-08,cdot_cost_data_book_2024_q4,FBR2872-020,FBR2872-020 US 40/287 - MP 417.7 TO 419.0,"CASTLE ROCK CONST. CO. OF COLO, LLC",4,P,6,8981782.60,115.52
cdot_2024q4_fsa0063_065,US6 AND POST BLVD ROUNDABOUT,CDOT,CO,Colorado / CDOT District 3,Roadway,2024-01-04,cdot_cost_data_book_2024_q4,FSA0063-065,FSA0063-065 US6 AND POST BLVD ROUNDABOUT,"KSK, LLC",3,M,4,4300000.00,79.65
cdot_2024q4_fsa007a_037,SH 7 AND AIRPORT DR INTERSECTI,CDOT,CO,Colorado / CDOT District 6,Roadway,2024-11-21,cdot_cost_data_book_2024_q4,FSA007A-037,FSA007A-037 SH 7 AND AIRPORT DR INTERSECTI,"JALISCO INTERNATIONAL, INC.",6,R,4,4195723.75,93.24
cdot_2024q4_fsa053a_002,BROADWAY SIGNAL REPLACEMENT,CDOT,CO,Colorado / CDOT District 1,Roadway,2024-10-24,cdot_cost_data_book_2024_q4,FSA053A-002,FSA053A-002 BROADWAY SIGNAL REPLACEMENT,Adiona Transportation Solutions LLC,1,U,5,1259445.25,62.97
cdot_2024q4_fsa0661_017,SH 66 AND WCR 21 WIDENING,CDOT,CO,Colorado / CDOT District 4,Roadway,2024-01-11,cdot_cost_data_book_2024_q4,FSA0661-017,FSA0661-017 SH 66 AND WCR 21 WIDENING,MARTIN MARIETTA MATERIALS,4,P,4,2938959.50,102.98
cdot_2024q4_fsa070a_039,I-70:CHIEF HOSA (MP 252.4) TO,CDOT,CO,Colorado / CDOT District 1,Roadway,2024-05-09,cdot_cost_data_book_2024_q4,FSA070A-039,FSA070A-039 I-70:CHIEF HOSA (MP 252.4) TO,MARTIN MARIETTA MATERIALS,1,M,5,34726159.27,112.24
cdot_2024q4_fsa072a_051,SH 72 AT 80TH AVE,CDOT,CO,Colorado / CDOT District 1,Roadway,2024-10-09,cdot_cost_data_book_2024_q4,FSA072A-051,FSA072A-051 SH 72 AT 80TH AVE,"STRUCTURES, INC.",1,R,1,614456.24,94.53
cdot_2024q4_fsa0851_012,"US 85 & CARSON BLVD, FOUNTAIN,",CDOT,CO,Colorado / CDOT District 2,Roadway,2024-06-13,cdot_cost_data_book_2024_q4,FSA0851-012,"FSA0851-012 US 85 & CARSON BLVD, FOUNTAIN,","SEMA CONSTRUCTION, INC.",2,U,3,2588099.25,95.86
cdot_2024q4_fsa2873_222,FEDERAL BLVD (SH 287C): FROM 9,CDOT,CO,Colorado / CDOT District 1,Roadway,2024-06-06,cdot_cost_data_book_2024_q4,FSA2873-222,FSA2873-222 FEDERAL BLVD (SH 287C): FROM 9,HCG Construction,1,U,3,2895069.00,103.40
cdot_2024q4_fsa4701_135,RAMP TERMINAL INTERSECTIONS OF,CDOT,CO,Colorado / CDOT District 6,Roadway,2024-02-15,cdot_cost_data_book_2024_q4,FSA4701-135,FSA4701-135 RAMP TERMINAL INTERSECTIONS OF,VILLALOBOS CONCRETE INC.,6,R,5,6229334.71,113.26
cdot_2024q4_im0251_363,I25A SOUTH OF TRINIDAD SURFACE,CDOT,CO,Colorado / CDOT District 2,Roadway,2024-11-14,cdot_cost_data_book_2024_q4,IM0251-363,IM0251-363 I25A SOUTH OF TRINIDAD SURFACE,"OLDCASTLE SW GROUP, INC.",2,R,1,15844435.90,102.22
cdot_2024q4_im0251_364,I25A NORTH OF TRINIDAD SURFACE,CDOT,CO,Colorado / CDOT District 2,Roadway,2024-12-12,cdot_cost_data_book_2024_q4,IM0251-364,IM0251-364 I25A NORTH OF TRINIDAD SURFACE,"OLDCASTLE SW GROUP, INC.",2,P,1,22965972.10,99.85
cdot_2024q4_im0762_060,I-76 (MP 132.9-149.3),CDOT,CO,Colorado / CDOT District 4,Roadway,2024-04-25,cdot_cost_data_book_2024_q4,IM0762-060,IM0762-060 I-76 (MP 132.9-149.3),"CASTLE ROCK CONST. CO. OF COLO, LLC",4,P,4,20899040.68,101.27
cdot_2024q4_itssw03_017,STATEWIDE,CDOT,CO,Colorado / CDOT District 0,Roadway,2024-08-01,cdot_cost_data_book_2024_q4,ITSSW03-017,ITSSW03-017 STATEWIDE,"MORTON ELECTRIC, INC.",0,M,1,3801536.05,96.59
cdot_2024q4_mtce076a_012,I-76 (I-70 TO LOCHBUIE),CDOT,CO,Colorado / CDOT District 1,Roadway,2024-03-21,cdot_cost_data_book_2024_q4,MTCE076A-012,MTCE076A-012 I-76 (I-70 TO LOCHBUIE),Barricade Holdings LLC,1,U,3,328376.56,85.29
cdot_2024q4_mtcer100_416,VARIOUS LOCATIONS IN REGION 1,CDOT,CO,Colorado / CDOT District 1,Roadway,2024-05-16,cdot_cost_data_book_2024_q4,MTCER100-416,MTCER100-416 VARIOUS LOCATIONS IN REGION 1,"ROADSAFE TRAFFIC SYSTEMS, INC",1,U,1,15719271.04,98.25
cdot_2024q4_mtcer200_292,R2 VARIOUS HIGHWAYS AND COUNTI,CDOT,CO,Colorado / CDOT District 2,Roadway,2024-07-18,cdot_cost_data_book_2024_q4,MTCER200-292,MTCER200-292 R2 VARIOUS HIGHWAYS AND COUNTI,"ROADSAFE TRAFFIC SYSTEMS, INC",2,U,1,2493062.25,85.97
cdot_2024q4_mtcer200_293,PIKES PEAK AREA,CDOT,CO,Colorado / CDOT District 2,Roadway,2024-10-24,cdot_cost_data_book_2024_q4,MTCER200-293,MTCER200-293 PIKES PEAK AREA,"ROADSAFE TRAFFIC SYSTEMS, INC",2,R,5,1848479.00,97.29
cdot_2024q4_mtcer200_295,R2 VARIOUS HIGHWAYS AND COUNTI,CDOT,CO,Colorado / CDOT District 2,Roadway,2024-10-24,cdot_cost_data_book_2024_q4,MTCER200-295,MTCER200-295 R2 VARIOUS HIGHWAYS AND COUNTI,"ROADSAFE TRAFFIC SYSTEMS, INC",2,R,3,497229.68,71.03
cdot_2024q4_mtcer200_298,REGION 2 I25 DIFFERENT LOCATIO,CDOT,CO,Colorado / CDOT District 2,Roadway,2024-10-24,cdot_cost_data_book_2024_q4,MTCER200-298,MTCER200-298 REGION 2 I25 DIFFERENT LOCATIO,"WORK ZONE TRAFFIC CONTROL, LLC",2,U,2,637922.50,104.58
cdot_2024q4_mtcer300_277,REGION 3 ROUNDABOUT SIGN REPLA,CDOT,CO,Colorado / CDOT District 3,Roadway,2024-06-20,cdot_cost_data_book_2024_q4,MTCER300-277,MTCER300-277 REGION 3 ROUNDABOUT SIGN REPLA,"WORK ZONE TRAFFIC CONTROL, LLC",3,M,3,566501.00,72.27
cdot_2024q4_mtcer300_281,REGION 3 ROUNDABOUT STRIPING A,CDOT,CO,Colorado / CDOT District 3,Roadway,2024-03-14,cdot_cost_data_book_2024_q4,MTCER300-281,MTCER300-281 REGION 3 ROUNDABOUT STRIPING A,KOLBE STRIPING INC.,3,M,2,555495.00,125.40
cdot_2024q4_mtcer300_282,040A IN MOFFAT COUNTY,CDOT,CO,Colorado / CDOT District 6,Roadway,2024-08-08,cdot_cost_data_book_2024_q4,MTCER300-282,MTCER300-282 040A IN MOFFAT COUNTY,A-1 CHIPSEAL COMPANY,6,M,4,436584.00,88.60
cdot_2024q4_mtcer300_283,REGION 3 I70 SUMMIT COUNTY MP,CDOT,CO,Colorado / CDOT District 6,Roadway,2024-07-11,cdot_cost_data_book_2024_q4,MTCER300-283,MTCER300-283 REGION 3 I70 SUMMIT COUNTY MP,"KSK, LLC",6,M,3,505000.00,77.61
cdot_2024q4_mtcer300_286,"REGION 3 STENCILS ON HWY 50,13",CDOT,CO,Colorado / CDOT District 3,Roadway,2024-06-06,cdot_cost_data_book_2024_q4,MTCER300-286,"MTCER300-286 REGION 3 STENCILS ON HWY 50,13","ROADSAFE TRAFFIC SYSTEMS, INC",3,M,3,443963.20,89.02
cdot_2024q4_mtcer300_287,I-70 MP 180 - 205 MIDPOINT,CDOT,CO,Colorado / CDOT District 3,Roadway,2024-07-11,cdot_cost_data_book_2024_q4,MTCER300-287,MTCER300-287 I-70 MP 180 - 205 MIDPOINT,"ROADSAFE TRAFFIC SYSTEMS, INC",3,M,1,1674070.30,99.56
cdot_2024q4_mtcer400_407,I25 FRONTAGE ROAD MP 254-270,CDOT,CO,Colorado / CDOT District 4,Roadway,2024-07-11,cdot_cost_data_book_2024_q4,MTCER400-407,MTCER400-407 I25 FRONTAGE ROAD MP 254-270,COULSON EXCAVATING COMPANY,4,P,3,513949.00,74.72
cdot_2024q4_mtcer400_409,VARIOUS LOCATIONS THROUGHOUT R,CDOT,CO,Colorado / CDOT District 4,Roadway,2024-10-03,cdot_cost_data_book_2024_q4,MTCER400-409,MTCER400-409 VARIOUS LOCATIONS THROUGHOUT R,"The Tendit Group, LLC",4,R,3,2893852.87,86.38
cdot_2024q4_mtcer500_225,REGION 5,CDOT,CO,Colorado / CDOT District 5,Roadway,2024-02-01,cdot_cost_data_book_2024_q4,MTCER500-225,MTCER500-225 REGION 5,"ROADSAFE TRAFFIC SYSTEMS, INC",5,R,3,1887265.00,99.74
cdot_2024q4_nh_050a_039,LAS ANIMAS MP 397 TO MP 399.78,CDOT,CO,Colorado / CDOT District 2,Roadway,2024-01-11,cdot_cost_data_book_2024_q4,NH 050A-039,NH 050A-039 LAS ANIMAS MP 397 TO MP 399.78,"TLM CONSTRUCTORS, INC.",2,P,2,6154075.80,87.92
cdot_2024q4_nh0243_092,US 24G - M.P 318.48 TO M.P 332,CDOT,CO,Colorado / CDOT District 2,Roadway,2024-03-21,cdot_cost_data_book_2024_q4,NH0243-092,NH0243-092 US 24G - M.P 318.48 TO M.P 332,EDW. C. LEVY CO.,2,P,3,8656532.96,84.87
cdot_2024q4_nh050a_041,US 50C AND BAXTER RD,CDOT,CO,Colorado / CDOT District 2,Roadway,2024-12-12,cdot_cost_data_book_2024_q4,NH050A-041,NH050A-041 US 50C AND BAXTER RD,"Siete, Inc.",2,U,3,839815.13,93.31
cdot_2024q4_nh0853_089,US 34 & US 85 INTERCHANGE IN G,CDOT,CO,Colorado / CDOT District 4,Roadway,2024-08-29,cdot_cost_data_book_2024_q4,NH0853-089,NH0853-089 US 34 & US 85 INTERCHANGE IN G,"JALISCO INTERNATIONAL, INC.",4,U,6,2595839.00,97.96
cdot_2024q4_nh2854_154,US 285 FROM MP 220-228.8,CDOT,CO,Colorado / CDOT District 2,Roadway,2024-11-21,cdot_cost_data_book_2024_q4,NH2854-154,NH2854-154 US 285 FROM MP 220-228.8,"BRANNAN SAND AND GRAVEL, LLC",2,M,3,12489799.57,96.08
cdot_2024q4_nhpp_0241_068,US 24 BV SIGNALS BAYLOR DE PAU,CDOT,CO,Colorado / CDOT District 5,Roadway,2024-02-15,cdot_cost_data_book_2024_q4,NHPP 0241-068,NHPP 0241-068 US 24 BV SIGNALS BAYLOR DE PAU,"Bixby Electric, Inc.",5,U,2,1419926.30,108.88
cdot_2024q4_nhpp0072_031,BOULDER COUNTY,CDOT,CO,Colorado / CDOT District 4,Roadway,2024-03-21,cdot_cost_data_book_2024_q4,NHPP0072-031,NHPP0072-031 BOULDER COUNTY,"BRANNAN SAND AND GRAVEL, LLC",4,U,4,3780958.22,78.77
cdot_2024q4_nhpp007a_027,SH7 FROM I-25 TO US85,CDOT,CO,Colorado / CDOT District 6,Roadway,2024-06-06,cdot_cost_data_book_2024_q4,NHPP007A-027,NHPP007A-027 SH7 FROM I-25 TO US85,"ASPHALT SPECIALTIES CO., INC.",6,R,4,8951969.26,63.94
cdot_2024q4_nhpp0252_510,NB I-25 EAST OF THE NB REST ST,CDOT,CO,Colorado / CDOT District 1,Roadway,2024-07-11,cdot_cost_data_book_2024_q4,NHPP0252-510,NHPP0252-510 NB I-25 EAST OF THE NB REST ST,"Capital Paving & Construction, LLC",1,M,5,2545678.10,82.12
cdot_2024q4_nhpp0252_516,I-25 FROM MP 208.208.063 TO 21,CDOT,CO,Colorado / CDOT District 6,Roadway,2024-12-12,cdot_cost_data_book_2024_q4,NHPP0252-516,NHPP0252-516 I-25 FROM MP 208.208.063 TO 21,"ASPHALT SPECIALTIES CO., INC.",6,U,3,22026669.60,110.13
cdot_2024q4_nhpp0253_300,I-25 SEGMENT 5 (MP 242.5 TO 25,CDOT,CO,Colorado / CDOT District 4,Roadway,2024-03-29,cdot_cost_data_book_2024_q4,NHPP0253-300,NHPP0253-300 I-25 SEGMENT 5 (MP 242.5 TO 25,"RLW/SEMA, A Joint Venture",4,U,1,27080430.33,100.01
cdot_2024q4_nhpp0253_301,I-25 SEGMENT 5 (MP 242.5 TO 25,CDOT,CO,Colorado / CDOT District 4,Roadway,2024-10-30,cdot_cost_data_book_2024_q4,NHPP0253-301,NHPP0253-301 I-25 SEGMENT 5 (MP 242.5 TO 25,"RLW/SEMA, A Joint Venture",4,U,1,86099399.42,107.01
cdot_2024q4_nhpp0502_095,US 50 ER CR-26,CDOT,CO,Colorado / CDOT District 3,Roadway,2024-05-10,cdot_cost_data_book_2024_q4,NHPP0502-095,NHPP0502-095 US 50 ER CR-26,KIEWIT INFRASTRUCTURE CO.,3,M,1,5210290.65,100.00
cdot_2024q4_nhpp0502_097,SH 50 TO SH 149 CR-25,CDOT,CO,Colorado / CDOT District 3,Roadway,2024-06-14,cdot_cost_data_book_2024_q4,NHPP0502-097,NHPP0502-097 SH 50 TO SH 149 CR-25,KIEWIT INFRASTRUCTURE CO.,3,M,1,6944059.40,110.50
cdot_2024q4_nhpp053a_004,SH 53 AND 62ND AVE,CDOT,CO,Colorado / CDOT District 6,Roadway,2024-03-01,cdot_cost_data_book_2024_q4,NHPP053A-004,NHPP053A-004 SH 53 AND 62ND AVE,"AMERICAN WEST CONSTRUCTION, LLC",6,U,2,124645.00,103.50
cdot_2024q4_nhpp0701_255,I70 Exit 37 East Resurfacing,CDOT,CO,Colorado / CDOT District 3,Roadway,2024-03-14,cdot_cost_data_book_2024_q4,NHPP0701-255,NHPP0701-255 I70 Exit 37 East Resurfacing,"Kilgore Companies, LLC dba Elam Construc",3,R,2,8097729.83,83.74
cdot_2024q4_nhpp0702_417,I70 MP 179-192 EAGLE COUNTY,CDOT,CO,Colorado / CDOT District 3,Roadway,2024-05-01,cdot_cost_data_book_2024_q4,NHPP0702-417,NHPP0702-417 I70 MP 179-192 EAGLE COUNTY,KIEWIT INFRASTRUCTURE CO.,3,M,1,109544524.30,100.00
cdot_2024q4_nhpp0703_515,I-70 TOP OF FLOYD HILL TO VETE,CDOT,CO,Colorado / CDOT District 1,Roadway,2024-01-26,cdot_cost_data_book_2024_q4,NHPP0703-515,NHPP0703-515 I-70 TOP OF FLOYD HILL TO VETE,"KRAEMER NORTH AMERICA, LLC",1,M,1,99445094.69,99.87
cdot_2024q4_nhpp0703_516,I-70 TOP OF FLOYD HILL TO VETE,CDOT,CO,Colorado / CDOT District 1,Roadway,2024-06-25,cdot_cost_data_book_2024_q4,NHPP0703-516,NHPP0703-516 I-70 TOP OF FLOYD HILL TO VETE,"KRAEMER NORTH AMERICA, LLC",1,M,1,46780031.93,101.73
cdot_2024q4_nhpp070a_037,I-70B SOUTH OF ROOD,CDOT,CO,Colorado / CDOT District 3,Roadway,2024-05-02,cdot_cost_data_book_2024_q4,NHPP070A-037,NHPP070A-037 I-70B SOUTH OF ROOD,"OLDCASTLE SW GROUP, INC.",3,U,1,19290622.35,103.24
cdot_2024q4_nhpp0821_117,SH 82 MM 77.0-85.3 IN LAKE COU,CDOT,CO,Colorado / CDOT District 3,Roadway,2024-11-07,cdot_cost_data_book_2024_q4,NHPP0821-117,NHPP0821-117 SH 82 MM 77.0-85.3 IN LAKE COU,"Kilgore Companies, LLC dba Elam Construc",3,M,2,4919411.35,75.67
cdot_2024q4_nhpp0852_110,US85(SANTA FE DR.):FLORIDA TO,CDOT,CO,Colorado / CDOT District 6,Roadway,2024-12-19,cdot_cost_data_book_2024_q4,NHPP0852-110,NHPP0852-110 US85(SANTA FE DR.):FLORIDA TO,"BRANNAN SAND AND GRAVEL, LLC",6,U,6,3298573.72,98.05
cdot_2024q4_nhpp1602_165,US 160 PAGOSA RECONSTRUCT,CDOT,CO,Colorado / CDOT District 5,Roadway,2024-11-07,cdot_cost_data_book_2024_q4,NHPP1602-165,NHPP1602-165 US 160 PAGOSA RECONSTRUCT,W.W. CLYDE & CO.,5,U,3,24625000.00,111.54
cdot_2024q4_nhpp1602_187,US 160 TREASURE FALLS TO WC SU,CDOT,CO,Colorado / CDOT District 5,Roadway,2024-10-24,cdot_cost_data_book_2024_q4,NHPP1602-187,NHPP1602-187 US 160 TREASURE FALLS TO WC SU,"Kilgore Companies, LLC dba Elam Construc",5,M,2,12661159.85,95.33
cdot_2024q4_nhpp1603_036,US 160 FT GARLAND SAFETY MITIG,CDOT,CO,Colorado / CDOT District 5,Roadway,2024-11-21,cdot_cost_data_book_2024_q4,NHPP1603-036,NHPP1603-036 US 160 FT GARLAND SAFETY MITIG,"Capital Paving & Construction, LLC",5,M,7,11153847.90,61.56
cdot_2024q4_nhpp2706_052,I-270 YORK BRIDGE PREVENTATIVE,CDOT,CO,Colorado / CDOT District 6,Roadway,2024-09-26,cdot_cost_data_book_2024_q4,NHPP2706-052,NHPP2706-052 I-270 YORK BRIDGE PREVENTATIVE,"STRUCTURES, INC.",6,U,5,784132.96,78.41
cdot_2024q4_nhpp2852_025,US 285B MP 116-126.5 & US 550B,CDOT,CO,Colorado / CDOT District 5,Roadway,2024-03-14,cdot_cost_data_book_2024_q4,NHPP2852-025,NHPP2852-025 US 285B MP 116-126.5 & US 550B,"Myers & Sons Construction, LLC",5,M,3,1548999.00,72.57
cdot_2024q4_nhppr100_367,VARIOUS LOCATIONS IN R1 (HWY 1,CDOT,CO,Colorado / CDOT District 1,Roadway,2024-02-01,cdot_cost_data_book_2024_q4,NHPPR100-367,NHPPR100-367 VARIOUS LOCATIONS IN R1 (HWY 1,"EDGE CONTRACTING, INC.",1,M,5,670297.00,60.94
cdot_2024q4_nhppr100_419,I-76 DAHLIA BRIDGE,CDOT,CO,Colorado / CDOT District 6,Roadway,2024-05-14,cdot_cost_data_book_2024_q4,NHPPR100-419,NHPPR100-419 I-76 DAHLIA BRIDGE,"KRAEMER NORTH AMERICA, LLC",6,U,3,1173560.00,136.46
cdot_2024q4_pwq1211_105,12TH AND WADSWORTH SE QUADRANT,CDOT,CO,Colorado / CDOT District 1,Roadway,2024-11-21,cdot_cost_data_book_2024_q4,PWQ1211-105,PWQ1211-105 12TH AND WADSWORTH SE QUADRANT,HCG Construction,1,R,2,535000.00,107.21
cdot_2024q4_she0361_128,US 36 GUARDRAIL MP 12.9 TO 16.,CDOT,CO,Colorado / CDOT District 4,Roadway,2024-07-11,cdot_cost_data_book_2024_q4,SHE0361-128,SHE0361-128 US 36 GUARDRAIL MP 12.9 TO 16.,RDZ Build,4,M,3,1716817.00,97.00
cdot_2024q4_srpsw03_069,"CR U CR 31, BRUSH, MORGAN COUN",CDOT,CO,Colorado / CDOT District 4,Roadway,2024-11-21,cdot_cost_data_book_2024_q4,SRPSW03-069,"SRPSW03-069 CR U CR 31, BRUSH, MORGAN COUN",AB Underground,4,P,2,1016440.85,86.27
cdot_2024q4_sta0061_089,US 6 EAST OF HOLYOKE,CDOT,CO,Colorado / CDOT District 4,Roadway,2024-11-07,cdot_cost_data_book_2024_q4,STA0061-089,STA0061-089 US 6 EAST OF HOLYOKE,MCATEE CONSTRUCTION CO.,4,P,2,9844371.10,89.47
cdot_2024q4_sta0141_029,SH 14B CAMERON PASS EAST,CDOT,CO,Colorado / CDOT District 4,Roadway,2024-01-04,cdot_cost_data_book_2024_q4,STA0141-029,STA0141-029 SH 14B CAMERON PASS EAST,"OLDCASTLE SW GROUP, INC.",4,M,4,12879789.35,134.21
cdot_2024q4_sta0242_096,"US24 TROUT CREEK, 67D@24A, ASP",CDOT,CO,Colorado / CDOT District 2,Roadway,2024-01-11,cdot_cost_data_book_2024_q4,STA0242-096,"STA0242-096 US24 TROUT CREEK, 67D@24A, ASP","ARROW ELECTRIC SERVICE, INC.",2,R,5,1646566.34,96.66
cdot_2024q4_sta0853_087,US 85 FROM 5TH ST. TO O ST. IN,CDOT,CO,Colorado / CDOT District 4,Roadway,2024-12-19,cdot_cost_data_book_2024_q4,STA0853-087,STA0853-087 US 85 FROM 5TH ST. TO O ST. IN,"TLM CONSTRUCTORS, INC.",4,R,6,5282791.00,108.92
cdot_2024q4_sta119a_077,CO 119 (MM 44.237-55.5),CDOT,CO,Colorado / CDOT District 4,Roadway,2024-08-09,cdot_cost_data_book_2024_q4,STA119A-077,STA119A-077 CO 119 (MM 44.237-55.5),"KRAEMER NORTH AMERICA, LLC",4,U,1,72367207.93,100.00
cdot_2024q4_sta2873_229,US 287 MP 354.71 TO MP 355.70,CDOT,CO,Colorado / CDOT District 4,Roadway,2024-09-12,cdot_cost_data_book_2024_q4,STA2873-229,STA2873-229 US 287 MP 354.71 TO MP 355.70,MARTIN MARIETTA MATERIALS,4,R,4,1764960.50,88.50
cdot_2024q4_ste_0402_095,US 40 PASSING LANES MP 172.6,CDOT,CO,Colorado / CDOT District 3,Roadway,2024-03-07,cdot_cost_data_book_2024_q4,STE 0402-095,STE 0402-095 US 40 PASSING LANES MP 172.6,"Capital Paving & Construction, LLC",3,M,5,5441723.08,103.42
cdot_2024q4_stm021a_008,INTERSECTION OF SH21 AND AIRPO,CDOT,CO,Colorado / CDOT District 2,Roadway,2024-04-11,cdot_cost_data_book_2024_q4,STM021A-008,STM021A-008 INTERSECTION OF SH21 AND AIRPO,W.W. CLYDE & CO.,2,R,8,45965236.00,117.86
cdot_2024q4_stm0242_099,US 24 FROM @ LAKE GEORGE TO WO,CDOT,CO,Colorado / CDOT District 2,Roadway,2024-12-19,cdot_cost_data_book_2024_q4,STM0242-099,STM0242-099 US 24 FROM @ LAKE GEORGE TO WO,MARTIN MARIETTA MATERIALS,2,M,3,12120993.88,110.19
cdot_2024q4_stm0403_070,MP226.5 - MP 233.0 GRAND COUNT,CDOT,CO,Colorado / CDOT District 3,Roadway,2024-12-12,cdot_cost_data_book_2024_q4,STM0403-070,STM0403-070 MP226.5 - MP 233.0 GRAND COUNT,"OLDCASTLE SW GROUP, INC.",3,M,3,4822880.50,73.09
cdot_2024q4_stm059a_039,CO59 (MP 0.05-9.05),CDOT,CO,Colorado / CDOT District 4,Roadway,2024-10-10,cdot_cost_data_book_2024_q4,STM059A-039,STM059A-039 CO59 (MP 0.05-9.05),"Concrete Concepts Design Inc,",4,P,3,4877179.80,106.03
cdot_2024q4_stm063a_017,CO 63 AKRON NORTH AND SOUTH (M,CDOT,CO,Colorado / CDOT District 4,Roadway,2024-10-24,cdot_cost_data_book_2024_q4,STM063A-017,STM063A-017 CO 63 AKRON NORTH AND SOUTH (M,MCATEE CONSTRUCTION CO.,4,P,3,7902793.10,87.63
cdot_2024q4_stm067a_049,SH 67 - MP 76.92 TO MP 78.20,CDOT,CO,Colorado / CDOT District 2,Roadway,2024-12-19,cdot_cost_data_book_2024_q4,STM067A-049,STM067A-049 SH 67 - MP 76.92 TO MP 78.20,"Capital Paving & Construction, LLC",2,M,3,7239314.94,79.55
cdot_2024q4_stm1151_041,SH 115A - M.P. 46 TO M.P. 47.4,CDOT,CO,Colorado / CDOT District 2,Roadway,2024-10-31,cdot_cost_data_book_2024_q4,STM1151-041,STM1151-041 SH 115A - M.P. 46 TO M.P. 47.4,EDW. C. LEVY CO.,2,R,4,10390462.32,89.90
cdot_2024q4_str0211_029,"SH21A MP136.5, EAST OF GRINNEL",CDOT,CO,Colorado / CDOT District 2,Roadway,2024-12-09,cdot_cost_data_book_2024_q4,STR0211-029,"STR0211-029 SH21A MP136.5, EAST OF GRINNEL",Native Sun Materials Inc,2,U,2,1645388.86,109.69
cdot_2024q4_str0241_067,US 24 SOUTH OF MINTURN,CDOT,CO,Colorado / CDOT District 3,Roadway,2024-01-04,cdot_cost_data_book_2024_q4,STR0241-067,STR0241-067 US 24 SOUTH OF MINTURN,"OLDCASTLE SW GROUP, INC.",3,M,3,11244775.20,105.74
cdot_2024q4_str065a_026,SH 65 ORCHARD CITY S. MP 0-6.5,CDOT,CO,Colorado / CDOT District 3,Roadway,2024-09-12,cdot_cost_data_book_2024_q4,STR065A-026,STR065A-026 SH 65 ORCHARD CITY S. MP 0-6.5,"OLDCASTLE SW GROUP, INC.",3,R,2,4408676.50,72.41
cdot_2024q4_str0711_023,SH71C BETWEEN ROCKY FORD AND O,CDOT,CO,Colorado / CDOT District 2,Roadway,2024-10-10,cdot_cost_data_book_2024_q4,STR0711-023,STR0711-023 SH71C BETWEEN ROCKY FORD AND O,"Concrete Concepts Design Inc,",2,P,6,2321547.11,66.33
cdot_2024q4_str092a_029,SH92 Rogers Mesa Reconstruct P,CDOT,CO,Colorado / CDOT District 3,Roadway,2024-10-24,cdot_cost_data_book_2024_q4,STR092A-029,STR092A-029 SH92 Rogers Mesa Reconstruct P,"OLDCASTLE SW GROUP, INC.",3,R,1,12263410.53,107.88
cdot_2024q4_str1121_006,SH 112 BETWEEN DEL NORTE (US 1,CDOT,CO,Colorado / CDOT District 5,Roadway,2024-11-21,cdot_cost_data_book_2024_q4,STR1121-006,STR1121-006 SH 112 BETWEEN DEL NORTE (US 1,"OLDCASTLE SW GROUP, INC.",5,P,2,12655931.75,93.94
cdot_2024q4_str133a_056,SH 133A MM 42.0-66.5,CDOT,CO,Colorado,Roadway,2024-12-12,cdot_cost_data_book_2024_q4,STR133A-056,STR133A-056 SH 133A MM 42.0-66.5,"OLDCASTLE SW GROUP, INC.",,,2,2861920.65,88.49
cdot_2024q4_str1604_016,"US 160C, MP 423-451, IN LAS AN",CDOT,CO,Colorado / CDOT District 2,Roadway,2024-01-18,cdot_cost_data_book_2024_q4,STR1604-016,"STR1604-016 US 160C, MP 423-451, IN LAS AN","OLDCASTLE SW GROUP, INC.",2,P,3,10791598.34,87.74
cdot_2024q4_strm175_040,FREMONT COUNTY IN R2,CDOT,CO,Colorado / CDOT District 2,Roadway,2024-10-10,cdot_cost_data_book_2024_q4,STRM175-040,STRM175-040 FREMONT COUNTY IN R2,"AMERICAN WEST CONSTRUCTION, LLC",2,R,5,423380.00,70.56
cdot_2024q4_strr200_290,"US 50B, CO 101A, CO 116, US 16",CDOT,CO,Colorado / CDOT District 2,Roadway,2024-02-29,cdot_cost_data_book_2024_q4,STRR200-290,"STRR200-290 US 50B, CO 101A, CO 116, US 16","Myers & Sons Construction, LLC",2,P,6,1520811.25,98.97
cdot_2023q4_2670831_129,SH 83 AT SH 88,CDOT,CO,Colorado / CDOT District 1,Roadway,2023-09-28,cdot_cost_data_book_2023_q4,2670831-129,2670831-129 SH 83 AT SH 88,"TechCon Infrastructure, LLC",1,U,6,1094668.00,91.22
cdot_2023q4_brm322_040,US34 EAST OF LAIRD,CDOT,CO,Colorado / CDOT District 4,Roadway,2023-11-28,cdot_cost_data_book_2023_q4,BRM322-040,BRM322-040 US34 EAST OF LAIRD,LAWRENCE CONSTRUCTION CO.,4,P,1,7895616.07,101.38
cdot_2023q4_brm322_041,US 34 EAST OF LAIRD,CDOT,CO,Colorado / CDOT District 4,Roadway,2023-11-28,cdot_cost_data_book_2023_q4,BRM322-041,BRM322-041 US 34 EAST OF LAIRD,LAWRENCE CONSTRUCTION CO.,4,P,1,7895616.07,101.38
cdot_2023q4_c_0063_061,"US6B MM 31 - MM 32.6, MESA COU",CDOT,CO,Colorado / CDOT District 3,Roadway,2023-09-07,cdot_cost_data_book_2023_q4,C 0063-061,"C 0063-061 US6B MM 31 - MM 32.6, MESA COU","MORTON ELECTRIC, INC.",3,U,2,2940328.00,98.94
cdot_2023q4_c_1601_086,MAPLE & CHESTNUT SIGNALS AT IN,CDOT,CO,Colorado / CDOT District 5,Roadway,2023-02-16,cdot_cost_data_book_2023_q4,C 1601-086,C 1601-086 MAPLE & CHESTNUT SIGNALS AT IN,"Bixby Electric, Inc.",5,U,1,1634083.00,125.39
cdot_2023q4_c0342_066,US 034A (MP 113-150),CDOT,CO,Colorado / CDOT District 4,Roadway,2023-02-02,cdot_cost_data_book_2023_q4,C0342-066,C0342-066 US 034A (MP 113-150),Lumin8 Transportation Tech.,4,P,3,558097.50,117.53
cdot_2023q4_c0701_226,"OFF OF I-70, EXIT 105, AT THE",CDOT,CO,Colorado / CDOT District 3,Roadway,2023-11-30,cdot_cost_data_book_2023_q4,C0701-226,"C0701-226 OFF OF I-70, EXIT 105, AT THE","JOHNSON CONSTRUCTION, INC.",3,M,4,6735433.99,81.63
cdot_2023q4_c0703_496,I-70 FROM I-76 TO PECOS IN DEN,CDOT,CO,Colorado / CDOT District 6,Roadway,2023-12-07,cdot_cost_data_book_2023_q4,C0703-496,C0703-496 I-70 FROM I-76 TO PECOS IN DEN,"HAMON INFRASTRUCTURE, INC.",6,U,7,18405711.55,107.01
cdot_2023q4_c0703_498,EISENHOWER JOHNSON MEMORIAL TU,CDOT,CO,Colorado / CDOT District 1,Roadway,2023-02-16,cdot_cost_data_book_2023_q4,C0703-498,C0703-498 EISENHOWER JOHNSON MEMORIAL TU,"AMERICAN WEST CONSTRUCTION, LLC",1,M,3,6596527.00,119.84
cdot_2023q4_c0703_529,EISENHOWER-JOHNSON MEMORIAL TU,CDOT,CO,Colorado / CDOT District 1,Roadway,2023-07-19,cdot_cost_data_book_2023_q4,C0703-529,C0703-529 EISENHOWER-JOHNSON MEMORIAL TU,ENGINEERING AND CONSTRUCTION,1,M,2,23979880.00,111.51
cdot_2023q4_c0881_036,R1 CURB RAMPS-SH88B & US285D,CDOT,CO,Colorado / CDOT District 6,Roadway,2023-02-16,cdot_cost_data_book_2023_q4,C0881-036,C0881-036 R1 CURB RAMPS-SH88B & US285D,"KSK, LLC",6,U,4,2475000.00,68.75
cdot_2023q4_c133a_052,SH 133 ROCKFALL N OF MCCLURE P,CDOT,CO,Colorado / CDOT District 3,Roadway,2023-02-16,cdot_cost_data_book_2023_q4,C133A-052,C133A-052 SH 133 ROCKFALL N OF MCCLURE P,Meridian Engineering Co.,3,M,4,3896461.00,130.03
cdot_2023q4_c133a_055,SH133 SLOPE STABILIZATION MP21,CDOT,CO,Colorado / CDOT District 3,Roadway,2023-05-11,cdot_cost_data_book_2023_q4,C133A-055,C133A-055 SH133 SLOPE STABILIZATION MP21,WILLIAMS CONSTRUCTION CONTRACTORS,3,M,2,3369252.14,94.35
cdot_2023q4_c133a_057,SH 133 MP 16.2,CDOT,CO,Colorado / CDOT District 3,Roadway,2023-05-16,cdot_cost_data_book_2023_q4,C133A-057,C133A-057 SH 133 MP 16.2,"RALPH L. WADSWORTH CONSTRUCTION CO., LLC",3,M,1,1982586.35,280.13
cdot_2023q4_c145a_082,OPHIR,CDOT,CO,Colorado / CDOT District 5,Roadway,2023-11-09,cdot_cost_data_book_2023_q4,C145A-082,C145A-082 OPHIR,WILLIAMS CONSTRUCTION CONTRACTORS,5,M,5,2276811.91,90.74
cdot_2023q4_c1601_084,US 160 SECTION3 PRIORITY CULVE,CDOT,CO,Colorado / CDOT District 5,Roadway,2023-02-16,cdot_cost_data_book_2023_q4,C1601-084,C1601-084 US 160 SECTION3 PRIORITY CULVE,"AMERICAN WEST CONSTRUCTION, LLC",5,M,2,2095832.00,104.61
cdot_2023q4_c5502_110,US550 MP 109.5 TO MP 116.5 IN,CDOT,CO,Colorado / CDOT District 5,Roadway,2023-12-07,cdot_cost_data_book_2023_q4,C5502-110,C5502-110 US550 MP 109.5 TO MP 116.5 IN,"FNF CONSTRUCTION, INC.",5,R,3,7017550.00,72.65
cdot_2023q4_cr100_378,US 285: US 85 TO SH 177,CDOT,CO,Colorado / CDOT District 1,Roadway,2023-10-26,cdot_cost_data_book_2023_q4,CR100-378,CR100-378 US 285: US 85 TO SH 177,"LIGHTHOUSE TRANSPORTATION GROUP, LLC",1,U,3,1202622.29,85.90
cdot_2023q4_cr400_393,LONGMONT,CDOT,CO,Colorado / CDOT District 4,Roadway,2023-07-20,cdot_cost_data_book_2023_q4,CR400-393,CR400-393 LONGMONT,"STURGEON ELECTRIC COMPANY, INC",4,U,4,1190000.00,86.70
cdot_2023q4_er0703_524,"STRUCTURE F-13-P, EB I-70 EXIT",CDOT,CO,Colorado / CDOT District 1,Roadway,2023-03-31,cdot_cost_data_book_2023_q4,ER0703-524,"ER0703-524 STRUCTURE F-13-P, EB I-70 EXIT","STRUCTURES, INC.",1,M,3,837006.00,100.00
cdot_2023q4_er4701_140,SH 470 AND PLATTE CANYON ROAD,CDOT,CO,Colorado / CDOT District 1,Roadway,2023-04-17,cdot_cost_data_book_2023_q4,ER4701-140,ER4701-140 SH 470 AND PLATTE CANYON ROAD,"KRAEMER NORTH AMERICA, LLC",1,U,1,145553.23,157.67
cdot_2023q4_er4701_142,SH 470 OVER I-70 WB EMERGENCY,CDOT,CO,Colorado / CDOT District 1,Roadway,2023-12-28,cdot_cost_data_book_2023_q4,ER4701-142,ER4701-142 SH 470 OVER I-70 WB EMERGENCY,LAWRENCE CONSTRUCTION CO.,1,R,3,937989.00,110.35
cdot_2023q4_fbr061a_003,CO 61 NORTH OF OTIS (MP 3.208-,CDOT,CO,Colorado / CDOT District 4,Roadway,2023-04-14,cdot_cost_data_book_2023_q4,FBR061A-003,FBR061A-003 CO 61 NORTH OF OTIS (MP 3.208-,LAWRENCE CONSTRUCTION CO.,4,P,1,4185920.67,102.25
cdot_2023q4_fbr151a_012,SH 151 MP 28.15 SOUTH OF CHIMN,CDOT,CO,Colorado / CDOT District 5,Roadway,2023-08-11,cdot_cost_data_book_2023_q4,FBR151A-012,FBR151A-012 SH 151 MP 28.15 SOUTH OF CHIMN,"AMERICAN WEST CONSTRUCTION, LLC",5,R,1,3147379.00,118.27
cdot_2023q4_fsa025a_051,MONUMENT,CDOT,CO,Colorado / CDOT District 2,Roadway,2023-11-16,cdot_cost_data_book_2023_q4,FSA025A-051,FSA025A-051 MONUMENT,Native Sun Materials Inc,2,U,4,3897678.07,118.11
cdot_2023q4_fsa050a_032,US50/SH115 INTERSECTION SW OFF,CDOT,CO,Colorado / CDOT District 2,Roadway,2023-10-19,cdot_cost_data_book_2023_q4,FSA050A-032,FSA050A-032 US50/SH115 INTERSECTION SW OFF,"Concrete Concepts Design Inc,",2,R,3,2927948.35,122.00
cdot_2023q4_fsa0703_476,EB I-70; MP 257. MT. VERNON EM,CDOT,CO,Colorado / CDOT District 1,Roadway,2023-09-21,cdot_cost_data_book_2023_q4,FSA0703-476,FSA0703-476 EB I-70; MP 257. MT. VERNON EM,"STRUCTURES, INC.",1,M,2,14948063.04,111.09
cdot_2023q4_fsa0761_240,I-76 CABLE RAIL MP 72-91,CDOT,CO,Colorado / CDOT District 4,Roadway,2023-05-25,cdot_cost_data_book_2023_q4,FSA0761-240,FSA0761-240 I-76 CABLE RAIL MP 72-91,"IHC Scott, Inc.",4,P,3,7525598.82,90.23
cdot_2023q4_fsa0852_125,AT THE INTERSECTION OF US-85 A,CDOT,CO,Colorado / CDOT District 1,Roadway,2023-06-22,cdot_cost_data_book_2023_q4,FSA0852-125,FSA0852-125 AT THE INTERSECTION OF US-85 A,"MORTON ELECTRIC, INC.",1,R,2,1141961.90,95.16
cdot_2023q4_fsa0853_123,US 85 AND WCR 66 LEFT TURN ACC,CDOT,CO,Colorado / CDOT District 4,Roadway,2023-01-26,cdot_cost_data_book_2023_q4,FSA0853-123,FSA0853-123 US 85 AND WCR 66 LEFT TURN ACC,COULSON EXCAVATING COMPANY,4,P,6,1223303.25,101.94
cdot_2023q4_fsa392a_021,CO 392B MP 109.26 TO 121.59,CDOT,CO,Colorado / CDOT District 4,Roadway,2023-08-17,cdot_cost_data_book_2023_q4,FSA392A-021,FSA392A-021 CO 392B MP 109.26 TO 121.59,"MOUNTAIN CONSTRUCTORS, INC.",4,P,2,517741.00,147.47
cdot_2023q4_fsac020_051,US50&CO231 PUEBLO COUNTY,CDOT,CO,Colorado / CDOT District 2,Roadway,2023-07-06,cdot_cost_data_book_2023_q4,FSAC020-051,FSAC020-051 US50&CO231 PUEBLO COUNTY,"MORTON ELECTRIC, INC.",2,R,4,1291761.85,129.18
cdot_2023q4_im0251_357,"COLORADO CITY, PUEBLO COUNTY",CDOT,CO,Colorado / CDOT District 2,Roadway,2023-12-07,cdot_cost_data_book_2023_q4,IM0251-357,"IM0251-357 COLORADO CITY, PUEBLO COUNTY",MARTIN MARIETTA MATERIALS,2,R,3,21867076.31,84.10
cdot_2023q4_im0251_362,I-25A PUEBLO MP 92-102.6,CDOT,CO,Colorado / CDOT District 2,Roadway,2023-12-21,cdot_cost_data_book_2023_q4,IM0251-362,IM0251-362 I-25A PUEBLO MP 92-102.6,MARTIN MARIETTA MATERIALS,2,U,4,15810821.36,95.82
cdot_2023q4_im0252_497,I-25 MP119.3 TO MP124.2,CDOT,CO,Colorado / CDOT District 2,Roadway,2023-12-14,cdot_cost_data_book_2023_q4,IM0252-497,IM0252-497 I-25 MP119.3 TO MP124.2,MARTIN MARIETTA MATERIALS,2,U,4,9459567.99,113.97
cdot_2023q4_its070a_041,I-70 (GRAND JUNCTION TO GLENWO,CDOT,CO,Colorado / CDOT District 0,Roadway,2023-09-14,cdot_cost_data_book_2023_q4,ITS070A-041,ITS070A-041 I-70 (GRAND JUNCTION TO GLENWO,"PAONIA, INC",0,R,3,2515075.00,80.73
cdot_2023q4_mtce_0704_259,I70 ARAPAHOE COUNTY MP 305-325,CDOT,CO,Colorado / CDOT District 6,Roadway,2023-11-09,cdot_cost_data_book_2023_q4,MTCE 0704-259,MTCE 0704-259 I70 ARAPAHOE COUNTY MP 305-325,"RALPH L. WADSWORTH CONSTRUCTION CO., LLC",6,P,5,1388960.34,78.69
cdot_2023q4_mtce0702_432,I70 SUMMIT COUNTY VAIL PASS RE,CDOT,CO,Colorado / CDOT District 6,Roadway,2023-07-27,cdot_cost_data_book_2023_q4,MTCE0702-432,MTCE0702-432 I70 SUMMIT COUNTY VAIL PASS RE,"Kilgore Companies, LLC dba Elam Construc",6,M,2,2887896.79,83.46
cdot_2023q4_mtce072a_050,SH72B BOULDER COUNTY NORTH OF,CDOT,CO,Colorado / CDOT District 6,Roadway,2023-11-30,cdot_cost_data_book_2023_q4,MTCE072A-050,MTCE072A-050 SH72B BOULDER COUNTY NORTH OF,A-1 CHIPSEAL COMPANY,6,M,1,1348751.90,83.26
cdot_2023q4_mtce1191_042,SH119 AT SH52 (MINERAL ROAD),CDOT,CO,Colorado / CDOT District 4,Roadway,2023-10-05,cdot_cost_data_book_2023_q4,MTCE1191-042,MTCE1191-042 SH119 AT SH52 (MINERAL ROAD),"KRAEMER NORTH AMERICA, LLC",4,P,2,145265.11,84.46
cdot_2023q4_mtcer200_285,PUEBLO PROGRAM AREA,CDOT,CO,Colorado / CDOT District 2,Roadway,2023-08-10,cdot_cost_data_book_2023_q4,MTCER200-285,MTCER200-285 PUEBLO PROGRAM AREA,"WORK ZONE TRAFFIC CONTROL, LLC",2,P,2,1222402.00,122.08
cdot_2023q4_mtcer200_286,R2 VARIOUS HIGHWAYS AND COUNTI,CDOT,CO,Colorado / CDOT District 2,Roadway,2023-10-19,cdot_cost_data_book_2023_q4,MTCER200-286,MTCER200-286 R2 VARIOUS HIGHWAYS AND COUNTI,"ROADSAFE TRAFFIC SYSTEMS, INC",2,R,1,4074430.23,97.01
cdot_2023q4_mtcer300_274,REGION 3 STENCILS ON HWY 82 AN,CDOT,CO,Colorado / CDOT District 3,Roadway,2023-07-20,cdot_cost_data_book_2023_q4,MTCER300-274,MTCER300-274 REGION 3 STENCILS ON HWY 82 AN,AMERICAN STRIPING COMPANY LLC,3,M,2,438107.00,64.40
cdot_2023q4_mtcer300_276,"I-70 MM 116-207, US 6F MM 208.",CDOT,CO,Colorado / CDOT District 3,Roadway,2023-03-16,cdot_cost_data_book_2023_q4,MTCER300-276,"MTCER300-276 I-70 MM 116-207, US 6F MM 208.","ROADSAFE TRAFFIC SYSTEMS, INC",3,M,2,2546291.82,87.23
cdot_2023q4_mtcer400_403,REGION 4,CDOT,CO,Colorado / CDOT District 4,Roadway,2023-06-15,cdot_cost_data_book_2023_q4,MTCER400-403,MTCER400-403 REGION 4,"STREAMLINE MARKINGS, INC",4,R,3,3295983.80,96.12
cdot_2023q4_mtcer400_405,VARIOUS ACROSS R4 SE,CDOT,CO,Colorado / CDOT District 4,Roadway,2023-12-14,cdot_cost_data_book_2023_q4,MTCER400-405,MTCER400-405 VARIOUS ACROSS R4 SE,"ROADSAFE TRAFFIC SYSTEMS, INC",4,R,2,1066564.50,91.74
cdot_2023q4_mtcer500_221,REGION 5,CDOT,CO,Colorado / CDOT District 5,Roadway,2023-01-05,cdot_cost_data_book_2023_q4,MTCER500-221,MTCER500-221 REGION 5,"Straight Stripe Painting, Inc.",5,R,2,2089265.00,107.41
cdot_2023q4_nh0361_121,US 34/36 RESURFACING ESTES PA,CDOT,CO,Colorado / CDOT District 4,Roadway,2023-12-07,cdot_cost_data_book_2023_q4,NH0361-121,NH0361-121 US 34/36 RESURFACING ESTES PA,MCATEE CONSTRUCTION CO.,4,M,3,6056197.46,105.92
cdot_2023q4_nh0501_074,US50A RESURFACING COALDALE TO,CDOT,CO,Colorado / CDOT District 2,Roadway,2023-12-07,cdot_cost_data_book_2023_q4,NH0501-074,NH0501-074 US50A RESURFACING COALDALE TO,A and S CONSTRUCTION CO.,2,M,2,15506616.60,129.22
cdot_2023q4_nh050a_030,US 50B DRAINAGE IMPROVEMENTS I,CDOT,CO,Colorado / CDOT District 2,Roadway,2023-08-31,cdot_cost_data_book_2023_q4,NH050A-030,NH050A-030 US 50B DRAINAGE IMPROVEMENTS I,"HABITAT CONSTRUCTION, LLC",2,P,7,1747562.65,97.09
cdot_2023q4_nhm240_213,US24 MP 300-303.84 EL PASO COU,CDOT,CO,Colorado / CDOT District 2,Roadway,2023-07-06,cdot_cost_data_book_2023_q4,NHM240-213,NHM240-213 US24 MP 300-303.84 EL PASO COU,RDZ Build,2,U,2,1105958.30,110.60
cdot_2023q4_nhpp_0705_089,I-70 PKG: Bethune E and W & Bu,CDOT,CO,Colorado / CDOT District 4,Roadway,2023-12-21,cdot_cost_data_book_2023_q4,NHPP 0705-089,NHPP 0705-089 I-70 PKG: Bethune E and W & Bu,SIMON CONTRACTORS,4,P,2,36536568.67,100.02
cdot_2023q4_nhpp_r100_376,VARIOUS LOCATIONS IN REGION 1,CDOT,CO,Colorado / CDOT District 1,Roadway,2023-03-30,cdot_cost_data_book_2023_q4,NHPP R100-376,NHPP R100-376 VARIOUS LOCATIONS IN REGION 1,HARRISON WESTERN CONSTRUCTION CORP.,1,R,2,2924208.00,115.30
cdot_2023q4_nhpp0253_290,I25 @ 58TH AND 62ND,CDOT,CO,Colorado / CDOT District 6,Roadway,2023-03-02,cdot_cost_data_book_2023_q4,NHPP0253-290,NHPP0253-290 I25 @ 58TH AND 62ND,"ABCO CONTRACTING, INC.",6,U,3,4128231.00,97.81
cdot_2023q4_nhpp0253_296,I-25 @ LCR 16 (MP 253.8-254.5),CDOT,CO,Colorado / CDOT District 4,Roadway,2023-02-07,cdot_cost_data_book_2023_q4,NHPP0253-296,NHPP0253-296 I-25 @ LCR 16 (MP 253.8-254.5),"RLW/SEMA, A Joint Venture",4,U,1,3507949.39,107.82
cdot_2023q4_nhpp0402_105,"US 40 MP 130.5 TO MP 133.5, RO",CDOT,CO,Colorado / CDOT District 3,Roadway,2023-10-19,cdot_cost_data_book_2023_q4,NHPP0402-105,"NHPP0402-105 US 40 MP 130.5 TO MP 133.5, RO","KSK, LLC",3,M,2,2200000.00,86.42
cdot_2023q4_nhpp0403_068,US 40 BERTHOUD PASS WEST RESUR,CDOT,CO,Colorado / CDOT District 3,Roadway,2023-05-17,cdot_cost_data_book_2023_q4,NHPP0403-068,NHPP0403-068 US 40 BERTHOUD PASS WEST RESUR,"OLDCASTLE SW GROUP, INC.",3,M,2,7389041.25,82.06
cdot_2023q4_nhpp0405_041,US 40/287 & CR 109 Hugo Inters,CDOT,CO,Colorado / CDOT District 4,Roadway,2023-10-12,cdot_cost_data_book_2023_q4,NHPP0405-041,NHPP0405-041 US 40/287 & CR 109 Hugo Inters,"TLM CONSTRUCTORS, INC.",4,P,2,916269.00,137.99
cdot_2023q4_nhpp0501_078,MESA COUNTY,CDOT,CO,Colorado / CDOT District 3,Roadway,2023-10-26,cdot_cost_data_book_2023_q4,NHPP0501-078,NHPP0501-078 MESA COUNTY,"OLDCASTLE SW GROUP, INC.",3,R,3,14264485.27,73.91
cdot_2023q4_nhpp0701_250,"I-70B: DDI TO 24 RD, MAIN ST T",CDOT,CO,Colorado / CDOT District 3,Roadway,2023-01-12,cdot_cost_data_book_2023_q4,NHPP0701-250,"NHPP0701-250 I-70B: DDI TO 24 RD, MAIN ST T","Kilgore Companies, LLC dba Elam Construc",3,U,2,9490148.53,94.56
cdot_2023q4_nhpp0701_256,I-70B/31.5 RD MESA COUNTY,CDOT,CO,Colorado / CDOT District 3,Roadway,2023-02-16,cdot_cost_data_book_2023_q4,NHPP0701-256,NHPP0701-256 I-70B/31.5 RD MESA COUNTY,"OLDCASTLE SW GROUP, INC.",3,U,2,545861.50,112.11
cdot_2023q4_nhpp0702_412,I-70 MM 169.5-171.5,CDOT,CO,Colorado / CDOT District 3,Roadway,2023-11-16,cdot_cost_data_book_2023_q4,NHPP0702-412,NHPP0702-412 I-70 MM 169.5-171.5,"Siete, Inc.",3,M,7,4029066.80,77.97
cdot_2023q4_nhpp0703_490,I-70 SILVERTHORNE TO EJMT PHAS,CDOT,CO,Colorado / CDOT District 3,Roadway,2023-12-14,cdot_cost_data_book_2023_q4,NHPP0703-490,NHPP0703-490 I-70 SILVERTHORNE TO EJMT PHAS,"OLDCASTLE SW GROUP, INC.",3,M,2,7922323.51,75.86
cdot_2023q4_nhpp0703_505,EB I-70 FROM MP 223 TO MP 228.,CDOT,CO,Colorado / CDOT District 1,Roadway,2023-06-08,cdot_cost_data_book_2023_q4,NHPP0703-505,NHPP0703-505 EB I-70 FROM MP 223 TO MP 228.,"OLDCASTLE SW GROUP, INC.",1,M,3,17339986.92,115.60
cdot_2023q4_nhpp0703_514,I-70 TOP OF FLOYD HILL TO JOHN,CDOT,CO,Colorado / CDOT District 1,Roadway,2023-05-17,cdot_cost_data_book_2023_q4,NHPP0703-514,NHPP0703-514 I-70 TOP OF FLOYD HILL TO JOHN,"KRAEMER NORTH AMERICA, LLC",1,M,1,61199702.96,100.55
cdot_2023q4_nhpp0821_116,SH 82 MP 26 - MP 33 IN PITKIN,CDOT,CO,Colorado / CDOT District 3,Roadway,2023-11-30,cdot_cost_data_book_2023_q4,NHPP0821-116,NHPP0821-116 SH 82 MP 26 - MP 33 IN PITKIN,"Kilgore Companies, LLC dba Elam Construc",3,M,2,7750316.10,88.94
cdot_2023q4_nhpp1211_101,US 6 AT WADSWORTH BLVD (SH 121,CDOT,CO,Colorado / CDOT District 1,Roadway,2023-10-12,cdot_cost_data_book_2023_q4,NHPP1211-101,NHPP1211-101 US 6 AT WADSWORTH BLVD (SH 121,"KRAEMER NORTH AMERICA, LLC",1,R,4,11696658.61,123.12
cdot_2023q4_nhpp1601_075,US 160 MP 0.2 to MP 7.5,CDOT,CO,Colorado / CDOT District 5,Roadway,2023-10-26,cdot_cost_data_book_2023_q4,NHPP1601-075,NHPP1601-075 US 160 MP 0.2 to MP 7.5,Meridian Engineering Co.,5,R,5,1700753.00,77.30
cdot_2023q4_nhpp1601_087,US 160 Mancos (MP 56.05) to Ye,CDOT,CO,Colorado / CDOT District 5,Roadway,2023-12-21,cdot_cost_data_book_2023_q4,NHPP1601-087,NHPP1601-087 US 160 Mancos (MP 56.05) to Ye,"INTERMOUNTAIN SLURRY SEAL, INC.",5,R,2,4806630.45,78.99
cdot_2023q4_nhppr100_381,VARIOUS,CDOT,CO,Colorado / CDOT District 6,Roadway,2023-07-07,cdot_cost_data_book_2023_q4,NHPPR100-381,NHPPR100-381 VARIOUS,"IHC Scott, Inc.",6,U,1,827919.93,100.00
cdot_2023q4_nhppr100_383,I70 OVER WASHINGTON ST,CDOT,CO,Colorado / CDOT District 1,Roadway,2023-01-26,cdot_cost_data_book_2023_q4,NHPPR100-383,NHPPR100-383 I70 OVER WASHINGTON ST,"ABCO CONTRACTING, INC.",1,U,3,1850028.00,123.34
cdot_2023q4_nhppr100_395,I-270 MISCELLANEOUS BRIDGES,CDOT,CO,Colorado / CDOT District 6,Roadway,2023-07-27,cdot_cost_data_book_2023_q4,NHPPR100-395,NHPPR100-395 I-270 MISCELLANEOUS BRIDGES,KIEWIT INFRASTRUCTURE CO.,6,U,1,4923812.70,123.10
cdot_2023q4_sftyr200_277,"REGION 2 WIDE, VARIOUS HWY & C",CDOT,CO,Colorado / CDOT District 2,Roadway,2023-01-19,cdot_cost_data_book_2023_q4,SFTYR200-277,"SFTYR200-277 REGION 2 WIDE, VARIOUS HWY & C",CC ENTRPRS TRAFFIC CONTROL SPECIALISTS,2,R,2,1636786.00,109.12
cdot_2023q4_she030a_041,SH30 @ HAMPDEN TURN LANE,CDOT,CO,Colorado / CDOT District 1,Roadway,2023-06-22,cdot_cost_data_book_2023_q4,SHE030A-041,SHE030A-041 SH30 @ HAMPDEN TURN LANE,RDZ Build,1,R,1,1186600.16,98.39
cdot_2023q4_she067a_044,SH 67F M.P. 56.5-57.6 AND SH 6,CDOT,CO,Colorado / CDOT District 2,Roadway,2023-03-02,cdot_cost_data_book_2023_q4,SHE067A-044,SHE067A-044 SH 67F M.P. 56.5-57.6 AND SH 6,Native Sun Materials Inc,2,M,1,2021561.69,67.39
cdot_2023q4_she0702_405,I-70 DOWD CANYON VSL MP 169-17,CDOT,CO,Colorado / CDOT District 3,Roadway,2023-05-11,cdot_cost_data_book_2023_q4,SHE0702-405,SHE0702-405 I-70 DOWD CANYON VSL MP 169-17,Lumin8 Transportation Tech.,3,M,3,4956044.15,122.45
cdot_2023q4_she0831_128,SH 83 DOUGLAS COUNTY AND US 28,CDOT,CO,Colorado / CDOT District 1,Roadway,2023-05-11,cdot_cost_data_book_2023_q4,SHE0831-128,SHE0831-128 SH 83 DOUGLAS COUNTY AND US 28,SURFACE PREPARATION TECHNOLOGIES,1,R,1,414867.88,94.06
cdot_2023q4_she0881_035,"SH 88, BELLEVIEW AVE FROM MP 7",CDOT,CO,Colorado / CDOT District 1,Roadway,2023-05-18,cdot_cost_data_book_2023_q4,SHE0881-035,"SHE0881-035 SH 88, BELLEVIEW AVE FROM MP 7","GOODLAND CONSTRUCTION, INC.",1,R,4,1898279.00,82.53
cdot_2023q4_sher100_392,VARIOUS LOCATIONS IN REGION 1,CDOT,CO,Colorado / CDOT District 1,Roadway,2023-12-07,cdot_cost_data_book_2023_q4,SHER100-392,SHER100-392 VARIOUS LOCATIONS IN REGION 1,HCG Construction,1,M,2,2299436.00,105.12
cdot_2023q4_sta0253_293,I-25 MM 269-282,CDOT,CO,Colorado / CDOT District 4,Roadway,2023-07-13,cdot_cost_data_book_2023_q4,STA0253-293,STA0253-293 I-25 MM 269-282,"CASTLE ROCK CONST. CO. OF COLO, LLC",4,R,6,11942392.41,74.23
cdot_2023q4_sta052a_055,SH 52 MP (29.2-36.9),CDOT,CO,Colorado / CDOT District 4,Roadway,2023-12-21,cdot_cost_data_book_2023_q4,STA052A-055,STA052A-055 SH 52 MP (29.2-36.9),"Holcim-WCR, Inc.",4,P,6,5486435.90,96.00
cdot_2023q4_sta066a_008,SH 66 @ WCR 7,CDOT,CO,Colorado / CDOT District 4,Roadway,2023-01-26,cdot_cost_data_book_2023_q4,STA066A-008,STA066A-008 SH 66 @ WCR 7,"BRANNAN SAND AND GRAVEL, LLC",4,R,5,2330855.24,98.45
cdot_2023q4_sta1381_011,SH 138 STERLING NORTH PART 2,CDOT,CO,Colorado / CDOT District 4,Roadway,2023-02-16,cdot_cost_data_book_2023_q4,STA1381-011,STA1381-011 SH 138 STERLING NORTH PART 2,MCATEE CONSTRUCTION CO.,4,R,1,12796063.70,116.33
cdot_2023q4_sta172a_022,SH 172 IGNACIO TO ELMORE'S COR,CDOT,CO,Colorado / CDOT District 5,Roadway,2023-01-12,cdot_cost_data_book_2023_q4,STA172A-022,STA172A-022 SH 172 IGNACIO TO ELMORE'S COR,"OLDCASTLE SW GROUP, INC.",5,R,2,14126484.41,106.27
cdot_2023q4_sta257a_008,SH 257 WINDSOR RESURFACING,CDOT,CO,Colorado / CDOT District 4,Roadway,2023-03-30,cdot_cost_data_book_2023_q4,STA257A-008,STA257A-008 SH 257 WINDSOR RESURFACING,COULSON EXCAVATING COMPANY,4,R,2,6035626.55,77.36
cdot_2023q4_sta2854_155,US285 – BAILEY – PARK COUNTY,CDOT,CO,Colorado / CDOT District 2,Roadway,2023-04-13,cdot_cost_data_book_2023_q4,STA2854-155,STA2854-155 US285 – BAILEY – PARK COUNTY,Native Sun Materials Inc,2,M,4,2131163.07,133.13
cdot_2023q4_star400_399,"US 34, 40, & BOULDER CTY",CDOT,CO,Colorado / CDOT District 4,Roadway,2023-07-20,cdot_cost_data_book_2023_q4,STAR400-399,"STAR400-399 US 34, 40, & BOULDER CTY",SURFACE PREPARATION TECHNOLOGIES,4,P,1,2989418.49,99.65
cdot_2023q4_star500_216,"US 160 (MP 173.7,176.6,276.7),",CDOT,CO,Colorado / CDOT District 5,Roadway,2023-11-30,cdot_cost_data_book_2023_q4,STAR500-216,"STAR500-216 US 160 (MP 173.7,176.6,276.7),",WILLIAMS CONSTRUCTION CONTRACTORS,5,M,4,4523363.45,70.70
cdot_2023q4_stm_c440_013,R3 EAGLE RESIDENCY ADA RAMP IM,CDOT,CO,Colorado / CDOT District 3,Roadway,2023-02-16,cdot_cost_data_book_2023_q4,STM C440-013,STM C440-013 R3 EAGLE RESIDENCY ADA RAMP IM,"KSK, LLC",3,M,1,715000.00,116.02
cdot_2023q4_stm0252_484,I-25 THRU COLORADO SPRINGS MP,CDOT,CO,Colorado / CDOT District 2,Roadway,2023-07-27,cdot_cost_data_book_2023_q4,STM0252-484,STM0252-484 I-25 THRU COLORADO SPRINGS MP,"SEMA CONSTRUCTION, INC.",2,U,4,49068138.24,124.22
cdot_2023q4_stm0471_103,"PUEBLO, CO",CDOT,CO,Colorado / CDOT District 2,Roadway,2023-12-21,cdot_cost_data_book_2023_q4,STM0471-103,"STM0471-103 PUEBLO, CO","INTERMOUNTAIN SLURRY SEAL, INC.",2,U,2,1848693.00,92.43
cdot_2023q4_stm061a_002,CO 61A (MP 32.2-40.973),CDOT,CO,Colorado / CDOT District 4,Roadway,2023-12-07,cdot_cost_data_book_2023_q4,STM061A-002,STM061A-002 CO 61A (MP 32.2-40.973),MCATEE CONSTRUCTION CO.,4,P,1,6657728.10,102.86
cdot_2023q4_stmm240_178,COLORADO SPRINGS METRO ADA,CDOT,CO,Colorado / CDOT District 2,Roadway,2023-10-19,cdot_cost_data_book_2023_q4,STMM240-178,STMM240-178 COLORADO SPRINGS METRO ADA,"KSK, LLC",2,U,1,2240000.00,82.96
cdot_2023q4_stmr200_275,PUEBLO COUNTY,CDOT,CO,Colorado / CDOT District 2,Roadway,2023-04-27,cdot_cost_data_book_2023_q4,STMR200-275,STMR200-275 PUEBLO COUNTY,"MORTON ELECTRIC, INC.",2,U,2,244433.00,104.01
cdot_2023q4_str0131_069,SH13 MP 64.17-79.10 IN MOFFAT,CDOT,CO,Colorado / CDOT District 3,Roadway,2023-11-02,cdot_cost_data_book_2023_q4,STR0131-069,STR0131-069 SH13 MP 64.17-79.10 IN MOFFAT,"Kilgore Companies, LLC dba Elam Construc",3,R,3,13570489.25,83.59
cdot_2023q4_str065a_024,SH 65 MP 48.0 TO 61.376 AND SH,CDOT,CO,Colorado / CDOT District 3,Roadway,2023-10-26,cdot_cost_data_book_2023_q4,STR065A-024,STR065A-024 SH 65 MP 48.0 TO 61.376 AND SH,"OLDCASTLE SW GROUP, INC.",3,R,4,2497837.00,83.96
cdot_2023q4_str069a_035,SH 69 SAFETY IMPROVEMENTS,CDOT,CO,Colorado / CDOT District 2,Roadway,2023-12-21,cdot_cost_data_book_2023_q4,STR069A-035,STR069A-035 SH 69 SAFETY IMPROVEMENTS,WALSENBURG SAND AND GRAVEL Company,2,R,4,4977656.25,108.21
cdot_2023q4_str194a_002,SH194A SUR. TREAT.& DRAI IMP M,CDOT,CO,Colorado / CDOT District 2,Roadway,2023-03-09,cdot_cost_data_book_2023_q4,STR194A-002,STR194A-002 SH194A SUR. TREAT.& DRAI IMP M,"OLDCASTLE SW GROUP, INC.",2,P,2,5695695.99,98.20
cdot_2023q4_str2871_040,US 287 MP 0.0 TO MP 122 VARIOU,CDOT,CO,Colorado / CDOT District 2,Roadway,2023-01-12,cdot_cost_data_book_2023_q4,STR2871-040,STR2871-040 US 287 MP 0.0 TO MP 122 VARIOU,"CASTLE ROCK CONST. CO. OF COLO, LLC",2,P,5,1853073.44,115.82
cdot_2023q4_strr200_287,I-25A SOUTH OF PUEBLO & SH 12,CDOT,CO,Colorado / CDOT District 2,Roadway,2023-11-09,cdot_cost_data_book_2023_q4,STRR200-287,STRR200-287 I-25A SOUTH OF PUEBLO & SH 12,"Siete, Inc.",2,M,2,1814282.00,95.49
cdot_2023q4_strr300_265,MOUNTAIN RE FY23 CRACK SEALS,CDOT,CO,Colorado / CDOT District 3,Roadway,2023-03-02,cdot_cost_data_book_2023_q4,STRR300-265,STRR300-265 MOUNTAIN RE FY23 CRACK SEALS,"Scodeller Construction, Inc.",3,M,1,1194545.00,133.83
cdot_2023q4_stu119a_071,SH:119 MP 22.750 - 25.754,CDOT,CO,Colorado / CDOT District 4,Roadway,2023-12-14,cdot_cost_data_book_2023_q4,STU119A-071,STU119A-071 SH:119 MP 22.750 - 25.754,"ZAK DIRT, INC.",4,M,3,6877563.45,116.89
