mapping_id,state,source_agency_id,source_item_code,target_agency_item_id,match_status,confidence,reviewed_by,reviewed_on,notes
co_map_coa_coa_3_2_co_cdot_201_00000,CO,co_coa,COA 3.2,co_cdot_201-00000,reviewed,reviewed,FHU,,COA 3.2
co_map_coa_coa_3_5_co_cdot_202_00010,CO,co_coa,COA 3.5,co_cdot_202-00010,reviewed,reviewed,FHU,,COA 3.5
co_map_coa_coa_3_5_co_cdot_202_00019,CO,co_coa,COA 3.5,co_cdot_202-00019,reviewed,reviewed,FHU,,COA 3.5
co_map_coa_coa_3_5_co_cdot_202_00021,CO,co_coa,COA 3.5,co_cdot_202-00021,reviewed,reviewed,FHU,,COA 3.5
co_map_coa_coa_3_5_co_cdot_202_00031,CO,co_coa,COA 3.5,co_cdot_202-00031,reviewed,reviewed,FHU,,COA 3.5
co_map_coa_coa_3_5_co_cdot_202_00032,CO,co_coa,COA 3.5,co_cdot_202-00032,reviewed,reviewed,FHU,,COA 3.5
co_map_coa_coa_3_5_co_cdot_202_00033,CO,co_coa,COA 3.5,co_cdot_202-00033,reviewed,reviewed,FHU,,COA 3.5
co_map_coa_coa_3_5_co_cdot_202_00055,CO,co_coa,COA 3.5,co_cdot_202-00055,reviewed,reviewed,FHU,,COA 3.5
co_map_coa_coa_3_5_co_cdot_202_00155,CO,co_coa,COA 3.5,co_cdot_202-00155,reviewed,reviewed,FHU,,COA 3.5
co_map_coa_coa_3_5_co_cdot_202_00190,CO,co_coa,COA 3.5,co_cdot_202-00190,reviewed,reviewed,FHU,,COA 3.5
co_map_coa_coa_3_5_co_cdot_202_00200,CO,co_coa,COA 3.5,co_cdot_202-00200,reviewed,reviewed,FHU,,COA 3.5
co_map_coa_coa_3_5_co_cdot_202_00201,CO,co_coa,COA 3.5,co_cdot_202-00201,reviewed,reviewed,FHU,,COA 3.5
co_map_coa_coa_3_5_co_cdot_202_00202,CO,co_coa,COA 3.5,co_cdot_202-00202,reviewed,reviewed,FHU,,COA 3.5
co_map_coa_coa_3_5_co_cdot_202_00203,CO,co_coa,COA 3.5,co_cdot_202-00203,reviewed,reviewed,FHU,,COA 3.5
co_map_coa_coa_3_5_co_cdot_202_00206,CO,co_coa,COA 3.5,co_cdot_202-00206,reviewed,reviewed,FHU,,COA 3.5
co_map_coa_coa_3_5_co_cdot_202_00207,CO,co_coa,COA 3.5,co_cdot_202-00207,reviewed,reviewed,FHU,,COA 3.5
co_map_coa_coa_3_5_co_cdot_202_00210,CO,co_coa,COA 3.5,co_cdot_202-00210,reviewed,reviewed,FHU,,COA 3.5
co_map_coa_coa_3_5_co_cdot_202_00220,CO,co_coa,COA 3.5,co_cdot_202-00220,reviewed,reviewed,FHU,,COA 3.5
co_map_coa_coa_3_5_co_cdot_202_00250,CO,co_coa,COA 3.5,co_cdot_202-00250,reviewed,reviewed,FHU,,COA 3.5
co_map_coa_coa_3_5_co_cdot_202_00700,CO,co_coa,COA 3.5,co_cdot_202-00700,reviewed,reviewed,FHU,,COA 3.5
co_map_coa_coa_3_5_co_cdot_202_00705,CO,co_coa,COA 3.5,co_cdot_202-00705,reviewed,reviewed,FHU,,COA 3.5
co_map_coa_coa_3_5_co_cdot_202_00750,CO,co_coa,COA 3.5,co_cdot_202-00750,reviewed,reviewed,FHU,,COA 3.5
co_map_coa_coa_3_5_co_cdot_202_00810,CO,co_coa,COA 3.5,co_cdot_202-00810,reviewed,reviewed,FHU,,COA 3.5
co_map_coa_coa_3_5_co_cdot_202_00821,CO,co_coa,COA 3.5,co_cdot_202-00821,reviewed,reviewed,FHU,,COA 3.5
co_map_coa_coa_3_5_co_cdot_202_00828,CO,co_coa,COA 3.5,co_cdot_202-00828,reviewed,reviewed,FHU,,COA 3.5
co_map_coa_coa_3_5_co_cdot_202_01000,CO,co_coa,COA 3.5,co_cdot_202-01000,reviewed,reviewed,FHU,,COA 3.5
co_map_coa_coa_3_5_co_cdot_202_00035,CO,co_coa,COA 3.5,co_cdot_202-00035,reviewed,reviewed,FHU,,COA 3.5
co_map_coa_coa_3_55_co_cdot_202_00035,CO,co_coa,COA 3.55,co_cdot_202-00035,reviewed,reviewed,FHU,,COA 3.55
co_map_coa_coa_3_33_co_cdot_203_00000,CO,co_coa,COA 3.33,co_cdot_203-00000,reviewed,reviewed,FHU,,COA 3.33
co_map_coa_coa_3_20_co_cdot_206_00100,CO,co_coa,COA 3.20,co_cdot_206-00100,reviewed,reviewed,FHU,,COA 3.20
co_map_coa_coa_3_52_co_cdot_207_00205,CO,co_coa,COA 3.52,co_cdot_207-00205,reviewed,reviewed,FHU,,COA 3.52
co_map_coa_coa_5_7_2_co_cdot_208_00002,CO,co_coa,COA 5.7.2,co_cdot_208-00002,reviewed,reviewed,FHU,,COA 5.7.2
co_map_coa_coa_5_7_2_co_cdot_208_00035,CO,co_coa,COA 5.7.2,co_cdot_208-00035,reviewed,reviewed,FHU,,COA 5.7.2
co_map_coa_coa_5_7_2_co_cdot_208_00045,CO,co_coa,COA 5.7.2,co_cdot_208-00045,reviewed,reviewed,FHU,,COA 5.7.2
co_map_coa_coa_5_7_2_co_cdot_208_00051,CO,co_coa,COA 5.7.2,co_cdot_208-00051,reviewed,reviewed,FHU,,COA 5.7.2
co_map_coa_coa_5_7_2_co_cdot_208_00052,CO,co_coa,COA 5.7.2,co_cdot_208-00052,reviewed,reviewed,FHU,,COA 5.7.2
co_map_coa_coa_5_7_2_co_cdot_208_00070,CO,co_coa,COA 5.7.2,co_cdot_208-00070,reviewed,reviewed,FHU,,COA 5.7.2
co_map_coa_coa_5_7_co_cdot_208_00207,CO,co_coa,COA 5.7,co_cdot_208-00207,reviewed,reviewed,FHU,,COA 5.7
co_map_coa_coa_3_6_co_cdot_210_00300,CO,co_coa,COA 3.6,co_cdot_210-00300,reviewed,reviewed,FHU,,COA 3.6
co_map_coa_coa_3_6_co_cdot_210_01710,CO,co_coa,COA 3.6,co_cdot_210-01710,reviewed,reviewed,FHU,,COA 3.6
co_map_coa_coa_3_6_co_cdot_210_00035,CO,co_coa,COA 3.6,co_cdot_210-00035,reviewed,reviewed,FHU,,COA 3.6
co_map_coa_coa_3_6_co_cdot_210_00810,CO,co_coa,COA 3.6,co_cdot_210-00810,reviewed,reviewed,FHU,,COA 3.6
co_map_coa_coa_3_6_co_cdot_201_00816,CO,co_coa,COA 3.6,co_cdot_201-00816,reviewed,reviewed,FHU,,COA 3.6
co_map_coa_coa_3_6_co_cdot_210_00825,CO,co_coa,COA 3.6,co_cdot_210-00825,reviewed,reviewed,FHU,,COA 3.6
co_map_coa_coa_3_6_co_cdot_210_00474,CO,co_coa,COA 3.6,co_cdot_210-00474,reviewed,reviewed,FHU,,COA 3.6
co_map_coa_coa_3_6_co_cdot_210_00866,CO,co_coa,COA 3.6,co_cdot_210-00866,reviewed,reviewed,FHU,,COA 3.6
co_map_coa_coa_3_6_co_cdot_210_04010,CO,co_coa,COA 3.6,co_cdot_210-04010,reviewed,reviewed,FHU,,COA 3.6
co_map_coa_coa_3_6_co_cdot_210_04015,CO,co_coa,COA 3.6,co_cdot_210-04015,reviewed,reviewed,FHU,,COA 3.6
co_map_coa_coa_3_6_co_cdot_210_04020,CO,co_coa,COA 3.6,co_cdot_210-04020,reviewed,reviewed,FHU,,COA 3.6
co_map_coa_coa_3_6_co_cdot_210_04025,CO,co_coa,COA 3.6,co_cdot_210-04025,reviewed,reviewed,FHU,,COA 3.6
co_map_coa_coa_3_15_co_cdot_202_04002,CO,co_coa,COA 3.15,co_cdot_202-04002,reviewed,reviewed,FHU,,COA 3.15
co_map_coa_coa_3_53_co_cdot_212_00011,CO,co_coa,COA 3.53,co_cdot_212-00011,reviewed,reviewed,FHU,,COA 3.53
co_map_coa_coa_3_53_co_cdot_212_00050,CO,co_coa,COA 3.53,co_cdot_212-00050,reviewed,reviewed,FHU,,COA 3.53
co_map_coa_coa_3_57_co_cdot_213_00008,CO,co_coa,COA 3.57,co_cdot_213-00008,reviewed,reviewed,FHU,,COA 3.57
co_map_coa_coa_3_58_co_cdot_213_00005,CO,co_coa,COA 3.58,co_cdot_213-00005,reviewed,reviewed,FHU,,COA 3.58
co_map_coa_coa_3_50_co_cdot_213_00500,CO,co_coa,COA 3.50,co_cdot_213-00500,reviewed,reviewed,FHU,,COA 3.50
co_map_coa_coa_3_54_co_cdot_214_00201,CO,co_coa,COA 3.54,co_cdot_214-00201,reviewed,reviewed,FHU,,COA 3.54
co_map_coa_coa_3_54_co_cdot_214_00210,CO,co_coa,COA 3.54,co_cdot_214-00210,reviewed,reviewed,FHU,,COA 3.54
co_map_coa_coa_3_54_co_cdot_214_00350,CO,co_coa,COA 3.54,co_cdot_214-00350,reviewed,reviewed,FHU,,COA 3.54
co_map_coa_coa_3_54_co_cdot_214_00610,CO,co_coa,COA 3.54,co_cdot_214-00610,reviewed,reviewed,FHU,,COA 3.54
co_map_coa_coa_3_54_co_cdot_214_00650,CO,co_coa,COA 3.54,co_cdot_214-00650,reviewed,reviewed,FHU,,COA 3.54
co_map_coa_coa_3_54_co_cdot_214_00910,CO,co_coa,COA 3.54,co_cdot_214-00910,reviewed,reviewed,FHU,,COA 3.54
co_map_coa_coa_3_37_co_cdot_304_06007,CO,co_coa,COA 3.37,co_cdot_304-06007,reviewed,reviewed,FHU,,COA 3.37
co_map_coa_coa_3_37_co_cdot_403_33801,CO,co_coa,COA 3.37,co_cdot_403-33801,reviewed,reviewed,FHU,,COA 3.37
co_map_coa_coa_3_37_co_cdot_403_34801,CO,co_coa,COA 3.37,co_cdot_403-34801,reviewed,reviewed,FHU,,COA 3.37
co_map_coa_coa_11_8_co_cdot_403_00720,CO,co_coa,COA 11.8,co_cdot_403-00720,reviewed,reviewed,FHU,,COA 11.8
co_map_coa_coa_3_38_co_cdot_411_10255,CO,co_coa,COA 3.38,co_cdot_411-10255,reviewed,reviewed,FHU,,COA 3.38
co_map_coa_coa_3_21_co_cdot_412_00600,CO,co_coa,COA 3.21,co_cdot_412-00600,reviewed,reviewed,FHU,,COA 3.21
co_map_coa_coa_3_21_co_cdot_412_01100,CO,co_coa,COA 3.21,co_cdot_412-01100,reviewed,reviewed,FHU,,COA 3.21
co_map_coa_coa_3_29_co_cdot_503_00018,CO,co_coa,COA 3.29,co_cdot_503-00018,reviewed,reviewed,FHU,,COA 3.29
co_map_coa_coa_3_29_co_cdot_503_00036,CO,co_coa,COA 3.29,co_cdot_503-00036,reviewed,reviewed,FHU,,COA 3.29
co_map_coa_coa_3_40_co_cdot_507_00000,CO,co_coa,COA 3.40,co_cdot_507-00000,reviewed,reviewed,FHU,,COA 3.40
co_map_coa_coa_3_11_co_cdot_603_50106,CO,co_coa,COA 3.11,co_cdot_603-50106,reviewed,reviewed,FHU,,COA 3.11
co_map_coa_coa_3_11_co_cdot_624_20013,CO,co_coa,COA 3.11,co_cdot_624-20013,reviewed,reviewed,FHU,,COA 3.11
co_map_coa_coa_3_11_co_cdot_624_20016,CO,co_coa,COA 3.11,co_cdot_624-20016,reviewed,reviewed,FHU,,COA 3.11
co_map_coa_coa_3_11_co_cdot_624_20019,CO,co_coa,COA 3.11,co_cdot_624-20019,reviewed,reviewed,FHU,,COA 3.11
co_map_coa_coa_3_22_co_cdot_604_13005,CO,co_coa,COA 3.22,co_cdot_604-13005,reviewed,reviewed,FHU,,COA 3.22
co_map_coa_coa_3_22_co_cdot_604_00305,CO,co_coa,COA 3.22,co_cdot_604-00305,reviewed,reviewed,FHU,,COA 3.22
co_map_coa_coa_3_22_co_cdot_604_16005,CO,co_coa,COA 3.22,co_cdot_604-16005,reviewed,reviewed,FHU,,COA 3.22
co_map_coa_coa_3_22_co_cdot_604_16010,CO,co_coa,COA 3.22,co_cdot_604-16010,reviewed,reviewed,FHU,,COA 3.22
co_map_coa_coa_3_22_co_cdot_604_14005,CO,co_coa,COA 3.22,co_cdot_604-14005,reviewed,reviewed,FHU,,COA 3.22
co_map_coa_coa_3_22_co_cdot_604_19105,CO,co_coa,COA 3.22,co_cdot_604-19105,reviewed,reviewed,FHU,,COA 3.22
co_map_coa_coa_3_22_co_cdot_604_19110,CO,co_coa,COA 3.22,co_cdot_604-19110,reviewed,reviewed,FHU,,COA 3.22
co_map_coa_coa_25_2_6_co_cdot_604_30005,CO,co_coa,COA 25.2.6,co_cdot_604-30005,reviewed,reviewed,FHU,,COA 25.2.6
co_map_coa_coa_25_2_6_co_cdot_604_30010,CO,co_coa,COA 25.2.6,co_cdot_604-30010,reviewed,reviewed,FHU,,COA 25.2.6
co_map_coa_coa_25_2_6_co_cdot_604_31005,CO,co_coa,COA 25.2.6,co_cdot_604-31005,reviewed,reviewed,FHU,,COA 25.2.6
co_map_coa_coa_3_11_co_cdot_619_50320,CO,co_coa,COA 3.11,co_cdot_619-50320,reviewed,reviewed,FHU,,COA 3.11
co_map_coa_coa_3_11_co_cdot_619_50480,CO,co_coa,COA 3.11,co_cdot_619-50480,reviewed,reviewed,FHU,,COA 3.11
co_map_coa_coa_3_11_co_cdot_619_50640,CO,co_coa,COA 3.11,co_cdot_619-50640,reviewed,reviewed,FHU,,COA 3.11
co_map_coa_coa_3_11_co_cdot_619_50960,CO,co_coa,COA 3.11,co_cdot_619-50960,reviewed,reviewed,FHU,,COA 3.11
co_map_coa_coa_3_11_co_cdot_619_50962,CO,co_coa,COA 3.11,co_cdot_619-50962,reviewed,reviewed,FHU,,COA 3.11
co_map_coa_coa_3_7_co_cdot_619_77210,CO,co_coa,COA 3.7,co_cdot_619-77210,reviewed,reviewed,FHU,,COA 3.7
co_map_coa_coa_3_13_co_cdot_619_00007,CO,co_coa,COA 3.13,co_cdot_619-00007,reviewed,reviewed,FHU,,COA 3.13
co_map_coa_coa_3_28_co_cdot_619_00001,CO,co_coa,COA 3.28,co_cdot_619-00001,reviewed,reviewed,FHU,,COA 3.28
co_map_coa_coa_3_13_co_cdot_619_77300,CO,co_coa,COA 3.13,co_cdot_619-77300,reviewed,reviewed,FHU,,COA 3.13
co_map_coa_coa_3_13_co_cdot_619_00002,CO,co_coa,COA 3.13,co_cdot_619-00002,reviewed,reviewed,FHU,,COA 3.13
co_map_coa_coa_3_32_co_cdot_607_11525,CO,co_coa,COA 3.32,co_cdot_607-11525,reviewed,reviewed,FHU,,COA 3.32
co_map_coa_coa_3_21_co_cdot_608_00000,CO,co_coa,COA 3.21,co_cdot_608-00000,reviewed,reviewed,FHU,,COA 3.21
co_map_coa_coa_3_21_co_cdot_608_00010,CO,co_coa,COA 3.21,co_cdot_608-00010,reviewed,reviewed,FHU,,COA 3.21
co_map_coa_coa_3_21_co_cdot_609_22022,CO,co_coa,COA 3.21,co_cdot_609-22022,reviewed,reviewed,FHU,,COA 3.21
co_map_coa_coa_3_21_co_cdot_609_20004,CO,co_coa,COA 3.21,co_cdot_609-20004,reviewed,reviewed,FHU,,COA 3.21
co_map_coa_coa_3_21_co_cdot_609_21010,CO,co_coa,COA 3.21,co_cdot_609-21010,reviewed,reviewed,FHU,,COA 3.21
co_map_coa_coa_3_21_co_cdot_609_21020,CO,co_coa,COA 3.21,co_cdot_609-21020,reviewed,reviewed,FHU,,COA 3.21
co_map_coa_coa_3_21_co_cdot_610_00100,CO,co_coa,COA 3.21,co_cdot_610-00100,reviewed,reviewed,FHU,,COA 3.21
co_map_coa_coa_3_47_co_cdot_614_00011,CO,co_coa,COA 3.47,co_cdot_614-00011,reviewed,reviewed,FHU,,COA 3.47
co_map_coa_coa_3_48_co_cdot_614_00214,CO,co_coa,COA 3.48,co_cdot_614-00214,reviewed,reviewed,FHU,,COA 3.48
co_map_coa_coa_3_47_co_cdot_614_10160,CO,co_coa,COA 3.47,co_cdot_614-10160,reviewed,reviewed,FHU,,COA 3.47
co_map_coa_coa_3_47_co_cdot_614_70117,CO,co_coa,COA 3.47,co_cdot_614-70117,reviewed,reviewed,FHU,,COA 3.47
co_map_coa_coa_3_47_co_cdot_614_70112,CO,co_coa,COA 3.47,co_cdot_614-70112,reviewed,reviewed,FHU,,COA 3.47
co_map_coa_coa_3_47_co_cdot_614_79840,CO,co_coa,COA 3.47,co_cdot_614-79840,reviewed,reviewed,FHU,,COA 3.47
co_map_coa_coa_3_47_co_cdot_614_72860,CO,co_coa,COA 3.47,co_cdot_614-72860,reviewed,reviewed,FHU,,COA 3.47
co_map_coa_coa_3_47_co_cdot_614_72887,CO,co_coa,COA 3.47,co_cdot_614-72887,reviewed,reviewed,FHU,,COA 3.47
co_map_coa_coa_3_47_co_cdot_614_75840,CO,co_coa,COA 3.47,co_cdot_614-75840,reviewed,reviewed,FHU,,COA 3.47
co_map_coa_coa_3_47_co_cdot_613_74000,CO,co_coa,COA 3.47,co_cdot_613-74000,reviewed,reviewed,FHU,,COA 3.47
co_map_coa_coa_3_47_co_cdot_614_84000,CO,co_coa,COA 3.47,co_cdot_614-84000,reviewed,reviewed,FHU,,COA 3.47
co_map_coa_coa_50_2_10_co_cdot_614_86800,CO,co_coa,COA 50.2.10,co_cdot_614-86800,reviewed,reviewed,FHU,,COA 50.2.10
co_map_coa_coa_3_47_co_cdot_614_87320,CO,co_coa,COA 3.47,co_cdot_614-87320,reviewed,reviewed,FHU,,COA 3.47
co_map_coa_coa_3_28_co_cdot_619_75032,CO,co_coa,COA 3.28,co_cdot_619-75032,reviewed,reviewed,FHU,,COA 3.28
co_map_coa_coa_3_28_co_cdot_619_75048,CO,co_coa,COA 3.28,co_cdot_619-75048,reviewed,reviewed,FHU,,COA 3.28
co_map_coa_coa_3_28_co_cdot_619_75064,CO,co_coa,COA 3.28,co_cdot_619-75064,reviewed,reviewed,FHU,,COA 3.28
co_map_coa_coa_3_28_co_cdot_619_75096,CO,co_coa,COA 3.28,co_cdot_619-75096,reviewed,reviewed,FHU,,COA 3.28
co_map_coa_coa_3_8_co_cdot_619_78048,CO,co_coa,COA 3.8,co_cdot_619-78048,reviewed,reviewed,FHU,,COA 3.8
co_map_coa_coa_3_50_co_cdot_622_00250,CO,co_coa,COA 3.50,co_cdot_622-00250,reviewed,reviewed,FHU,,COA 3.50
co_map_coa_coa_3_60_co_cdot_601_01000,CO,co_coa,COA 3.60,co_cdot_601-01000,reviewed,reviewed,FHU,,COA 3.60
co_map_coa_coa_3_62_co_cdot_601_01000,CO,co_coa,COA 3.62,co_cdot_601-01000,reviewed,reviewed,FHU,,COA 3.62
co_map_coa_coa_3_11_co_cdot_623_00604,CO,co_coa,COA 3.11,co_cdot_623-00604,reviewed,reviewed,FHU,,COA 3.11
co_map_coa_coa_3_49_co_cdot_626_00000,CO,co_coa,COA 3.49,co_cdot_626-00000,reviewed,reviewed,FHU,,COA 3.49
co_map_coa_coa_50_4_7_co_cdot_627_00005,CO,co_coa,COA 50.4.7,co_cdot_627-00005,reviewed,reviewed,FHU,,COA 50.4.7
co_map_coa_coa_3_45_co_cdot_627_30405,CO,co_coa,COA 3.45,co_cdot_627-30405,reviewed,reviewed,FHU,,COA 3.45
co_map_coa_coa_3_45_co_cdot_627_30410,CO,co_coa,COA 3.45,co_cdot_627-30410,reviewed,reviewed,FHU,,COA 3.45
co_map_coa_coa_3_48___cdot_620_co_cdot_620_00020,CO,co_coa,COA 3.48 & CDOT 620,co_cdot_620-00020,reviewed,reviewed,FHU,,COA 3.48 & CDOT 620
co_map_source_no__227_co_cdot_700_70010,CO,co_source,No. 227,co_cdot_700-70010,reviewed,reviewed,FHU,,
co_map_source_no__228_co_cdot_700_70034,CO,co_source,No. 228,co_cdot_700-70034,reviewed,reviewed,FHU,,
co_map_source_no__229_co_cdot_700_70034,CO,co_source,No. 229,co_cdot_700-70034,reviewed,reviewed,FHU,,
co_map_source_no__230_co_cdot_700_70034,CO,co_source,No. 230,co_cdot_700-70034,reviewed,reviewed,FHU,,
co_map_source_no__231_co_cdot_700_70060,CO,co_source,No. 231,co_cdot_700-70060,reviewed,reviewed,FHU,,
co_map_source_no__232_co_cdot_700_70034,CO,co_source,No. 232,co_cdot_700-70034,reviewed,reviewed,FHU,,
co_map_source_no__233_co_cdot_700_70034,CO,co_source,No. 233,co_cdot_700-70034,reviewed,reviewed,FHU,,
co_map_source_no__234_co_cdot_700_70010,CO,co_source,No. 234,co_cdot_700-70010,reviewed,reviewed,FHU,,
co_map_source_no__235_co_cdot_700_70010,CO,co_source,No. 235,co_cdot_700-70010,reviewed,reviewed,FHU,,
